scaling,grid_size,unknowns,processes,local_unknowns,method,overlap,sgs_sweeps,repeat,iterations,relative_residual,total_time,spmv_time,halo_time,preconditioner_time,reduction_time,vector_time,job_id,source_file,time_per_iteration,preconditioner_time_per_iteration,reduction_time_per_iteration
strong,1024,1048576,16,65536,BJ,0,4,1,571,9.18973e-09,1.94823,0.144126,0.00914496,1.58356,0.132752,0.0790197,212470,results/phase5/raw/timing_strong_p16_212470.csv,0.003411961471103327,0.002773309982486865,0.0002324903677758319
strong,1024,1048576,16,65536,AS1,1,4,1,556,9.88594e-09,2.30248,0.200036,0.0119961,1.91017,0.141374,0.0789692,212470,results/phase5/raw/timing_strong_p16_212470.csv,0.004141151079136691,0.0034355575539568345,0.00025426978417266186
strong,1024,1048576,16,65536,AS2,2,4,1,551,9.87306e-09,2.36857,0.203276,0.0130921,1.97136,0.150077,0.078603,212470,results/phase5/raw/timing_strong_p16_212470.csv,0.004298675136116152,0.003577785843920145,0.0002723720508166969
strong,1024,1048576,16,65536,BJ,0,4,2,571,9.18973e-09,2.53846,0.20915,0.0509872,1.65729,0.730151,0.0788871,212470,results/phase5/raw/timing_strong_p16_212470.csv,0.004445639229422067,0.002902434325744308,0.001278723292469352
strong,1024,1048576,16,65536,AS1,1,4,2,556,9.88594e-09,2.68644,0.213164,0.0248836,2.05393,0.493644,0.0806947,212470,results/phase5/raw/timing_strong_p16_212470.csv,0.004831726618705037,0.0036941187050359707,0.0008878489208633094
strong,1024,1048576,16,65536,AS2,2,4,2,551,9.87306e-09,2.64174,0.235294,0.037347,2.03488,0.405038,0.0819028,212470,results/phase5/raw/timing_strong_p16_212470.csv,0.004794446460980036,0.0036930671506352083,0.0007350961887477314
strong,1024,1048576,16,65536,BJ,0,4,3,571,9.18973e-09,2.14587,0.217112,0.0586425,1.64217,0.324373,0.0811531,212470,results/phase5/raw/timing_strong_p16_212470.csv,0.0037580910683012256,0.002875954465849387,0.0005680788091068301
strong,1024,1048576,16,65536,AS1,1,4,3,556,9.88594e-09,2.62657,0.227442,0.0303906,2.0003,0.436305,0.099159,212470,results/phase5/raw/timing_strong_p16_212470.csv,0.004724046762589928,0.0035976618705035974,0.0007847212230215827
strong,1024,1048576,16,65536,AS2,2,4,3,551,9.87306e-09,2.6358,0.237808,0.0404223,2.03439,0.398763,0.0811556,212470,results/phase5/raw/timing_strong_p16_212470.csv,0.004783666061705989,0.0036921778584392017,0.0007237078039927404
strong,1024,1048576,16,65536,BJ,0,4,4,571,9.18973e-09,2.23321,0.177471,0.0423666,1.61512,0.408693,0.0796808,212470,results/phase5/raw/timing_strong_p16_212470.csv,0.003911050788091068,0.0028285814360770574,0.0007157495621716287
strong,1024,1048576,16,65536,AS1,1,4,4,556,9.88594e-09,2.6547,0.229019,0.041364,2.036,0.460997,0.0801933,212470,results/phase5/raw/timing_strong_p16_212470.csv,0.004774640287769785,0.0036618705035971226,0.0008291312949640288
strong,1024,1048576,16,65536,AS2,2,4,4,551,9.87306e-09,2.60331,0.224385,0.0366999,2.01272,0.36378,0.0824064,212470,results/phase5/raw/timing_strong_p16_212470.csv,0.00472470054446461,0.0036528493647912884,0.0006602177858439202
strong,1024,1048576,16,65536,BJ,0,4,5,571,9.18973e-09,2.23362,0.166565,0.0237095,1.63435,0.41223,0.0801344,212470,results/phase5/raw/timing_strong_p16_212470.csv,0.0039117688266199655,0.0028622591943957966,0.0007219439579684763
strong,1024,1048576,16,65536,AS1,1,4,5,556,9.88594e-09,2.6318,0.238887,0.0321478,2.02152,0.444191,0.0858321,212470,results/phase5/raw/timing_strong_p16_212470.csv,0.004733453237410072,0.003635827338129497,0.0007989046762589928
strong,1024,1048576,16,65536,AS2,2,4,5,551,9.87306e-09,2.724,0.241799,0.0535317,2.08847,0.484263,0.0823181,212470,results/phase5/raw/timing_strong_p16_212470.csv,0.004943738656987296,0.0037903266787658804,0.0008788802177858439
strong,512,262144,1,262144,BJ,0,4,1,201,9.4415e-09,3.69958,0.252568,0.000268689,3.08757,0.000224226,0.181605,212466,results/phase5/raw/timing_strong_p1_212466.csv,0.01840587064676617,0.015361044776119402,1.1155522388059702e-06
strong,512,262144,1,262144,AS1,1,4,1,201,9.4415e-09,3.21824,0.33025,0.00033122,2.60555,0.000341385,0.13601,212466,results/phase5/raw/timing_strong_p1_212466.csv,0.016011144278606965,0.012962935323383084,1.6984328358208955e-06
strong,512,262144,1,262144,AS2,2,4,1,201,9.4415e-09,4.35326,0.42951,0.000360037,3.52134,0.000299802,0.205035,212466,results/phase5/raw/timing_strong_p1_212466.csv,0.021658009950248754,0.01751910447761194,1.49155223880597e-06
strong,512,262144,1,262144,BJ,0,4,2,201,9.4415e-09,3.53076,0.260108,0.000289766,2.89325,0.000277538,0.178291,212466,results/phase5/raw/timing_strong_p1_212466.csv,0.01756597014925373,0.014394278606965174,1.3807860696517414e-06
strong,512,262144,1,262144,AS1,1,4,2,201,9.4415e-09,3.04924,0.296773,0.000337042,2.46514,0.000337637,0.149167,212466,results/phase5/raw/timing_strong_p1_212466.csv,0.015170348258706468,0.012264378109452736,1.6797860696517414e-06
strong,512,262144,1,262144,AS2,2,4,2,201,9.4415e-09,3.22666,0.356707,0.000353467,2.58711,0.000355816,0.141852,212466,results/phase5/raw/timing_strong_p1_212466.csv,0.016053034825870647,0.012871194029850746,1.7702288557213932e-06
strong,512,262144,1,262144,BJ,0,4,3,201,9.4415e-09,2.48674,0.186235,0.000284624,2.00927,0.000241393,0.162462,212466,results/phase5/raw/timing_strong_p1_212466.csv,0.012371840796019901,0.00999636815920398,1.2009601990049752e-06
strong,512,262144,1,262144,AS1,1,4,3,201,9.4415e-09,2.86886,0.273911,0.000286349,2.33836,0.00025271,0.126486,212466,results/phase5/raw/timing_strong_p1_212466.csv,0.014272935323383085,0.011633631840796022,1.25726368159204e-06
strong,512,262144,1,262144,AS2,2,4,3,201,9.4415e-09,3.15876,0.294804,0.000326542,2.54721,0.000301659,0.13822,212466,results/phase5/raw/timing_strong_p1_212466.csv,0.015715223880597016,0.012672686567164181,1.5007910447761196e-06
strong,512,262144,1,262144,BJ,0,4,4,201,9.4415e-09,2.59618,0.17916,0.000252708,2.16597,0.000237517,0.121857,212466,results/phase5/raw/timing_strong_p1_212466.csv,0.012916318407960198,0.010775970149253732,1.181676616915423e-06
strong,512,262144,1,262144,AS1,1,4,4,201,9.4415e-09,3.01174,0.321906,0.000348065,2.40193,0.000265238,0.130681,212466,results/phase5/raw/timing_strong_p1_212466.csv,0.014983781094527363,0.011949900497512439,1.319592039800995e-06
strong,512,262144,1,262144,AS2,2,4,4,201,9.4415e-09,2.93795,0.275541,0.000352215,2.40572,0.000306549,0.127247,212466,results/phase5/raw/timing_strong_p1_212466.csv,0.014616666666666667,0.011968756218905472,1.5251194029850746e-06
strong,512,262144,1,262144,BJ,0,4,5,201,9.4415e-09,2.53408,0.174417,0.000250233,2.11021,0.000256338,0.122149,212466,results/phase5/raw/timing_strong_p1_212466.csv,0.012607363184079602,0.010498557213930348,1.2753134328358209e-06
strong,512,262144,1,262144,AS1,1,4,5,201,9.4415e-09,3.19892,0.300195,0.000314829,2.62005,0.000313798,0.147863,212466,results/phase5/raw/timing_strong_p1_212466.csv,0.01591502487562189,0.013035074626865671,1.56118407960199e-06
strong,512,262144,1,262144,AS2,2,4,5,201,9.4415e-09,3.40677,0.36903,0.000360838,2.75876,0.000329387,0.137323,212466,results/phase5/raw/timing_strong_p1_212466.csv,0.01694910447761194,0.013725174129353234,1.6387412935323382e-06
strong,1024,1048576,1,1048576,BJ,0,4,1,383,9.32925e-09,24.2046,2.56477,0.00136933,18.7426,0.00116169,1.50097,212466,results/phase5/raw/timing_strong_p1_212466.csv,0.06319738903394255,0.048936292428198434,3.0331331592689295e-06
strong,1024,1048576,1,1048576,AS1,1,4,1,383,9.32925e-09,27.1871,2.51673,0.00143298,21.6333,0.00127219,1.4944,212466,results/phase5/raw/timing_strong_p1_212466.csv,0.0709845953002611,0.05648381201044386,3.321644908616188e-06
strong,1024,1048576,1,1048576,AS2,2,4,1,383,9.32925e-09,26.1028,2.35376,0.00148818,20.6292,0.00124662,1.52315,212466,results/phase5/raw/timing_strong_p1_212466.csv,0.06815352480417754,0.0538621409921671,3.254882506527415e-06
strong,1024,1048576,1,1048576,BJ,0,4,2,383,9.32925e-09,23.0712,2.2232,0.00119818,18.3068,0.00107506,1.36854,212466,results/phase5/raw/timing_strong_p1_212466.csv,0.060238120104438644,0.047798433420365535,2.806945169712794e-06
strong,1024,1048576,1,1048576,AS1,1,4,2,383,9.32925e-09,25.921,2.34442,0.00148148,20.2829,0.00123873,1.66226,212466,results/phase5/raw/timing_strong_p1_212466.csv,0.06767885117493472,0.0529579634464752,3.2342819843342036e-06
strong,1024,1048576,1,1048576,AS2,2,4,2,383,9.32925e-09,26.2738,2.37982,0.0124697,20.8649,0.00119368,1.46983,212466,results/phase5/raw/timing_strong_p1_212466.csv,0.06860000000000001,0.054477545691906,3.116657963446475e-06
strong,1024,1048576,1,1048576,BJ,0,4,3,383,9.32925e-09,22.9772,2.28889,0.00127806,17.8857,0.00111861,1.45131,212466,results/phase5/raw/timing_strong_p1_212466.csv,0.05999268929503916,0.04669895561357702,2.92065274151436e-06
strong,1024,1048576,1,1048576,AS1,1,4,3,383,9.32925e-09,27.3973,2.49346,0.00149912,21.7552,0.00137839,1.55114,212466,results/phase5/raw/timing_strong_p1_212466.csv,0.07153342036553526,0.05680208877284595,3.598929503916449e-06
strong,1024,1048576,1,1048576,AS2,2,4,3,383,9.32925e-09,27.7695,2.41371,0.0014381,22.2167,0.0013585,1.5823,212466,results/phase5/raw/timing_strong_p1_212466.csv,0.07250522193211488,0.05800704960835509,3.546997389033942e-06
strong,1024,1048576,1,1048576,BJ,0,4,4,383,9.32925e-09,23.0407,2.24463,0.00138773,18.1168,0.0009897,1.40211,212466,results/phase5/raw/timing_strong_p1_212466.csv,0.06015848563968669,0.0473023498694517,2.5840731070496085e-06
strong,1024,1048576,1,1048576,AS1,1,4,4,383,9.32925e-09,27.467,2.41329,0.00152107,21.9678,0.00122495,1.56498,212466,results/phase5/raw/timing_strong_p1_212466.csv,0.0717154046997389,0.057357180156657965,3.1983028720626633e-06
strong,1024,1048576,1,1048576,AS2,2,4,4,383,9.32925e-09,27.8292,2.45262,0.00148026,22.3126,0.00130303,1.53472,212466,results/phase5/raw/timing_strong_p1_212466.csv,0.07266109660574413,0.05825744125326371,3.402167101827676e-06
strong,1024,1048576,1,1048576,BJ,0,4,5,383,9.32925e-09,22.0179,2.21008,0.00140536,17.3001,0.00102742,1.37543,212466,results/phase5/raw/timing_strong_p1_212466.csv,0.05748798955613577,0.04516997389033943,2.6825587467362923e-06
strong,1024,1048576,1,1048576,AS1,1,4,5,383,9.32925e-09,26.9302,2.40094,0.00142221,21.401,0.00135904,1.53779,212466,results/phase5/raw/timing_strong_p1_212466.csv,0.07031383812010443,0.05587728459530026,3.5484073107049608e-06
strong,1024,1048576,1,1048576,AS2,2,4,5,383,9.32925e-09,26.9304,2.34513,0.00140391,21.5316,0.00111309,1.54979,212466,results/phase5/raw/timing_strong_p1_212466.csv,0.07031436031331592,0.05621827676240209,2.9062402088772843e-06
strong,2048,4194304,1,4194304,BJ,0,4,1,764,9.63899e-09,207.136,22.5554,0.00447366,153.738,0.00314805,15.1317,212466,results/phase5/raw/timing_strong_p1_212466.csv,0.2711204188481675,0.20122774869109947,4.120484293193717e-06
strong,2048,4194304,1,4194304,AS1,1,4,1,764,9.63899e-09,237.594,22.5248,0.00464241,184.085,0.00392922,15.1996,212466,results/phase5/raw/timing_strong_p1_212466.csv,0.3109869109947644,0.24094895287958115,5.142958115183246e-06
strong,2048,4194304,1,4194304,AS2,2,4,1,764,9.63899e-09,236.855,22.4635,0.0155383,183.518,0.00385734,15.3477,212466,results/phase5/raw/timing_strong_p1_212466.csv,0.3100196335078534,0.2402068062827225,5.048874345549738e-06
strong,2048,4194304,1,4194304,BJ,0,4,2,764,9.63899e-09,207.798,23.0746,0.00429546,154.443,0.00306547,15.0765,212466,results/phase5/raw/timing_strong_p1_212466.csv,0.2719869109947644,0.20215052356020943,4.012395287958115e-06
strong,2048,4194304,1,4194304,AS1,1,4,2,764,9.63899e-09,241.252,23.0507,0.00459816,186.896,0.0034294,15.4964,212466,results/phase5/raw/timing_strong_p1_212466.csv,0.3157748691099477,0.24462827225130887,4.4887434554973825e-06
strong,2048,4194304,1,4194304,AS2,2,4,2,764,9.63899e-09,238.888,22.702,0.0155731,184.932,0.0146635,15.5478,212466,results/phase5/raw/timing_strong_p1_212466.csv,0.3126806282722513,0.24205759162303664,1.919306282722513e-05
strong,2048,4194304,1,4194304,BJ,0,4,3,764,9.63899e-09,205.184,22.5044,0.00456251,151.424,0.00317543,15.5187,212466,results/phase5/raw/timing_strong_p1_212466.csv,0.268565445026178,0.19819895287958117,4.156321989528795e-06
strong,2048,4194304,1,4194304,AS1,1,4,3,764,9.63899e-09,235.965,22.2863,0.00473424,182.45,0.00436308,15.5274,212466,results/phase5/raw/timing_strong_p1_212466.csv,0.3088547120418848,0.23880890052356019,5.710837696335079e-06
strong,2048,4194304,1,4194304,AS2,2,4,3,764,9.63899e-09,242.831,23.7131,0.00451985,187.798,0.00323276,15.4272,212466,results/phase5/raw/timing_strong_p1_212466.csv,0.3178416230366492,0.24580890052356022,4.231361256544502e-06
strong,2048,4194304,1,4194304,BJ,0,4,4,764,9.63899e-09,209.468,23.4933,0.00444059,154.121,0.00315196,15.9511,212466,results/phase5/raw/timing_strong_p1_212466.csv,0.27417277486910996,0.20172905759162305,4.125602094240838e-06
strong,2048,4194304,1,4194304,AS1,1,4,4,764,9.63899e-09,243.408,23.1239,0.00455326,187.911,0.00349594,16.2041,212466,results/phase5/raw/timing_strong_p1_212466.csv,0.31859685863874343,0.2459568062827225,4.5758376963350784e-06
strong,2048,4194304,1,4194304,AS2,2,4,4,764,9.63899e-09,243.837,23.6006,0.00467539,188.279,0.0035132,16.0423,212466,results/phase5/raw/timing_strong_p1_212466.csv,0.31915837696335075,0.24643848167539267,4.598429319371728e-06
strong,2048,4194304,1,4194304,BJ,0,4,5,764,9.63899e-09,212.107,23.559,0.0139032,156.774,0.00269736,15.6247,212466,results/phase5/raw/timing_strong_p1_212466.csv,0.27762696335078535,0.20520157068062828,3.5305759162303667e-06
strong,2048,4194304,1,4194304,AS1,1,4,5,764,9.63899e-09,240.83,22.8753,0.00458008,185.407,0.00378668,16.2911,212466,results/phase5/raw/timing_strong_p1_212466.csv,0.31522251308900523,0.24267931937172776,4.956387434554974e-06
strong,2048,4194304,1,4194304,AS2,2,4,5,764,9.63899e-09,241.495,22.9438,0.00464971,186.569,0.00358293,15.8956,212466,results/phase5/raw/timing_strong_p1_212466.csv,0.3160929319371728,0.2442002617801047,4.689698952879581e-06
strong,512,262144,2,131072,BJ,0,4,1,335,7.05933e-09,2.29848,0.195175,0.0436256,1.85489,0.0818829,0.118962,212467,results/phase5/raw/timing_strong_p2_212467.csv,0.006861134328358209,0.005536985074626866,0.0002444265671641791
strong,512,262144,2,131072,AS1,1,4,1,310,8.5658e-09,2.44237,0.243534,0.0303733,1.98038,0.0303866,0.112875,212467,results/phase5/raw/timing_strong_p2_212467.csv,0.007878612903225807,0.006388322580645161,9.802129032258065e-05
strong,512,262144,2,131072,AS2,2,4,1,322,7.74869e-09,2.67468,0.290035,0.0691808,2.12809,0.0545476,0.103371,212467,results/phase5/raw/timing_strong_p2_212467.csv,0.008306459627329192,0.006608975155279502,0.0001694024844720497
strong,512,262144,2,131072,BJ,0,4,2,335,7.05933e-09,2.26641,0.177725,0.0327451,1.83567,0.0786424,0.110616,212467,results/phase5/raw/timing_strong_p2_212467.csv,0.006765402985074627,0.005479611940298507,0.0002347534328358209
strong,512,262144,2,131072,AS1,1,4,2,310,8.5658e-09,2.46528,0.255491,0.0306994,1.97987,0.0320202,0.113142,212467,results/phase5/raw/timing_strong_p2_212467.csv,0.007952516129032259,0.0063866774193548385,0.00010329096774193548
strong,512,262144,2,131072,AS2,2,4,2,322,7.74869e-09,2.60216,0.269862,0.0493493,2.09524,0.0433066,0.116615,212467,results/phase5/raw/timing_strong_p2_212467.csv,0.008081242236024844,0.006506956521739131,0.00013449254658385093
strong,512,262144,2,131072,BJ,0,4,3,335,7.05933e-09,2.27384,0.198015,0.0529259,1.83687,0.0640206,0.117887,212467,results/phase5/raw/timing_strong_p2_212467.csv,0.006787582089552238,0.005483194029850746,0.00019110626865671642
strong,512,262144,2,131072,AS1,1,4,3,310,8.5658e-09,2.42824,0.242902,0.0345318,1.97695,0.0251478,0.0998143,212467,results/phase5/raw/timing_strong_p2_212467.csv,0.007833032258064516,0.006377258064516129,8.112193548387098e-05
strong,512,262144,2,131072,AS2,2,4,3,322,7.74869e-09,2.56884,0.25045,0.0230001,2.08373,0.0272417,0.117087,212467,results/phase5/raw/timing_strong_p2_212467.csv,0.007977763975155278,0.006471211180124224,8.460155279503106e-05
strong,512,262144,2,131072,BJ,0,4,4,335,7.05933e-09,2.27595,0.188527,0.0318004,1.83961,0.0400487,0.109498,212467,results/phase5/raw/timing_strong_p2_212467.csv,0.006793880597014925,0.005491373134328358,0.00011954835820895523
strong,512,262144,2,131072,AS1,1,4,4,310,8.5658e-09,2.49605,0.246593,0.0338289,2.01721,0.0333936,0.112209,212467,results/phase5/raw/timing_strong_p2_212467.csv,0.008051774193548387,0.006507129032258065,0.00010772129032258065
strong,512,262144,2,131072,AS2,2,4,4,322,7.74869e-09,2.59142,0.260353,0.030416,2.09301,0.0353082,0.123105,212467,results/phase5/raw/timing_strong_p2_212467.csv,0.008047888198757763,0.006500031055900621,0.0001096527950310559
strong,512,262144,2,131072,BJ,0,4,5,335,7.05933e-09,2.28821,0.197233,0.049445,1.83443,0.083234,0.108785,212467,results/phase5/raw/timing_strong_p2_212467.csv,0.006830477611940298,0.005475910447761194,0.0002484597014925373
strong,512,262144,2,131072,AS1,1,4,5,310,8.5658e-09,2.55398,0.282687,0.0661793,2.01961,0.0595113,0.115377,212467,results/phase5/raw/timing_strong_p2_212467.csv,0.008238645161290322,0.006514870967741936,0.00019197193548387099
strong,512,262144,2,131072,AS2,2,4,5,322,7.74869e-09,2.6207,0.271663,0.0475498,2.11603,0.0334595,0.113602,212467,results/phase5/raw/timing_strong_p2_212467.csv,0.008138819875776396,0.006571521739130434,0.00010391149068322982
strong,1024,1048576,2,524288,BJ,0,4,1,628,8.39677e-09,17.1182,1.70165,0.237116,13.3875,0.620447,1.03748,212467,results/phase5/raw/timing_strong_p2_212467.csv,0.027258280254777074,0.021317675159235668,0.0009879729299363056
strong,1024,1048576,2,524288,AS1,1,4,1,618,7.69727e-09,19.784,1.85757,0.163827,15.7627,0.259503,1.08529,212467,results/phase5/raw/timing_strong_p2_212467.csv,0.03201294498381877,0.025505987055016183,0.00041990776699029123
strong,1024,1048576,2,524288,AS2,2,4,1,583,9.14869e-09,18.8836,1.83158,0.247818,14.9952,0.296288,1.03948,212467,results/phase5/raw/timing_strong_p2_212467.csv,0.03239039451114923,0.025720754716981133,0.00050821269296741
strong,1024,1048576,2,524288,BJ,0,4,2,628,8.39677e-09,17.1469,1.66477,0.161035,13.4566,0.611774,1.0428,212467,results/phase5/raw/timing_strong_p2_212467.csv,0.02730398089171974,0.021427707006369427,0.0009741624203821657
strong,1024,1048576,2,524288,AS1,1,4,2,618,7.69727e-09,20.0374,1.98027,0.301494,15.8512,0.323827,1.13173,212467,results/phase5/raw/timing_strong_p2_212467.csv,0.03242297734627832,0.025649190938511326,0.0005239919093851132
strong,1024,1048576,2,524288,AS2,2,4,2,583,9.14869e-09,18.6458,1.78597,0.144362,14.8548,0.133992,1.01503,212467,results/phase5/raw/timing_strong_p2_212467.csv,0.03198250428816467,0.02547993138936535,0.0002298319039451115
strong,1024,1048576,2,524288,BJ,0,4,3,628,8.39677e-09,17.4512,1.75199,0.331646,13.6253,0.857726,1.09136,212467,results/phase5/raw/timing_strong_p2_212467.csv,0.027788535031847132,0.021696337579617832,0.0013658057324840763
strong,1024,1048576,2,524288,AS1,1,4,3,618,7.69727e-09,19.7285,1.89998,0.213717,15.6556,0.259904,1.10588,212467,results/phase5/raw/timing_strong_p2_212467.csv,0.03192313915857605,0.025332686084142395,0.0004205566343042072
strong,1024,1048576,2,524288,AS2,2,4,3,583,9.14869e-09,18.609,1.83795,0.184147,14.8001,0.182983,1.03635,212467,results/phase5/raw/timing_strong_p2_212467.csv,0.03191938250428817,0.025386106346483705,0.00031386449399656947
strong,1024,1048576,2,524288,BJ,0,4,4,628,8.39677e-09,17.3785,1.66883,0.299017,13.7089,0.878376,1.02529,212467,results/phase5/raw/timing_strong_p2_212467.csv,0.02767277070063694,0.021829458598726113,0.001398687898089172
strong,1024,1048576,2,524288,AS1,1,4,4,618,7.69727e-09,19.8035,1.88665,0.198975,15.7962,0.204,1.07518,212467,results/phase5/raw/timing_strong_p2_212467.csv,0.03204449838187702,0.025560194174757283,0.00033009708737864073
strong,1024,1048576,2,524288,AS2,2,4,4,583,9.14869e-09,17.7658,1.69794,0.213239,14.2692,0.18122,0.912071,212467,results/phase5/raw/timing_strong_p2_212467.csv,0.030473070325900513,0.024475471698113208,0.0003108404802744425
strong,1024,1048576,2,524288,BJ,0,4,5,628,8.39677e-09,17.3739,1.72941,0.296734,13.5924,0.727871,1.04036,212467,results/phase5/raw/timing_strong_p2_212467.csv,0.02766544585987261,0.021643949044585987,0.0011590302547770702
strong,1024,1048576,2,524288,AS1,1,4,5,618,7.69727e-09,19.8175,1.89318,0.253384,15.7951,0.332106,1.06863,212467,results/phase5/raw/timing_strong_p2_212467.csv,0.03206715210355987,0.0255584142394822,0.0005373883495145631
strong,1024,1048576,2,524288,AS2,2,4,5,583,9.14869e-09,18.832,1.80634,0.216432,15.0065,0.227291,1.02827,212467,results/phase5/raw/timing_strong_p2_212467.csv,0.032301886792452834,0.025740137221269298,0.0003898644939965695
strong,2048,4194304,32,131072,BJ,0,4,1,1102,9.235e-09,10.6146,0.807962,0.292295,6.13858,3.33548,0.450473,212471,results/phase5/raw/timing_strong_p32_212471.csv,0.00963212341197822,0.005570399274047187,0.0030267513611615246
strong,2048,4194304,32,131072,AS1,1,4,1,1072,9.48762e-09,14.7067,1.31762,0.542613,8.53765,5.5093,0.513733,212471,results/phase5/raw/timing_strong_p32_212471.csv,0.01371893656716418,0.007964225746268656,0.005139272388059701
strong,2048,4194304,32,131072,AS2,2,4,1,1101,9.99226e-09,14.7877,1.25711,0.453982,8.77418,5.21458,0.532848,212471,results/phase5/raw/timing_strong_p32_212471.csv,0.013431153496821072,0.00796928247048138,0.0047362216167120795
strong,2048,4194304,32,131072,BJ,0,4,2,1102,9.235e-09,8.8619,0.690268,0.18289,6.16411,2.04384,0.433694,212471,results/phase5/raw/timing_strong_p32_212471.csv,0.008041651542649728,0.0055935662431941926,0.0018546642468239562
strong,2048,4194304,32,131072,AS1,1,4,2,1072,9.48762e-09,10.8208,0.996454,0.268753,7.60975,2.94597,0.556604,212471,results/phase5/raw/timing_strong_p32_212471.csv,0.01009402985074627,0.007098647388059701,0.0027481063432835823
strong,2048,4194304,32,131072,AS2,2,4,2,1101,9.99226e-09,13.2779,1.08986,0.325772,8.18441,4.26961,0.54868,212471,results/phase5/raw/timing_strong_p32_212471.csv,0.01205985467756585,0.0074336148955495,0.003877938237965486
strong,2048,4194304,32,131072,BJ,0,4,3,1102,9.235e-09,11.901,0.902476,0.375415,6.25622,4.56217,0.441685,212471,results/phase5/raw/timing_strong_p32_212471.csv,0.010799455535390199,0.005677150635208712,0.004139900181488203
strong,2048,4194304,32,131072,AS1,1,4,3,1072,9.48762e-09,12.1124,1.06008,0.332469,7.61865,3.90588,0.538938,212471,results/phase5/raw/timing_strong_p32_212471.csv,0.011298880597014924,0.007106949626865672,0.003643544776119403
strong,2048,4194304,32,131072,AS2,2,4,3,1101,9.99226e-09,11.8329,1.04966,0.297576,8.32949,3.78639,0.566628,212471,results/phase5/raw/timing_strong_p32_212471.csv,0.01074741144414169,0.0075653860127157125,0.0034390463215258856
strong,2048,4194304,32,131072,BJ,0,4,4,1102,9.235e-09,9.79428,0.718302,0.25076,6.27032,3.1487,0.411197,212471,results/phase5/raw/timing_strong_p32_212471.csv,0.008887731397459166,0.00568994555353902,0.002857259528130671
strong,2048,4194304,32,131072,AS1,1,4,4,1072,9.48762e-09,14.8016,1.28183,0.519778,8.4997,5.56873,0.503007,212471,results/phase5/raw/timing_strong_p32_212471.csv,0.013807462686567165,0.007928824626865671,0.0051947108208955225
strong,2048,4194304,32,131072,AS2,2,4,4,1101,9.99226e-09,12.5961,1.04495,0.271362,8.06073,3.65343,0.571809,212471,results/phase5/raw/timing_strong_p32_212471.csv,0.011440599455040872,0.007321280653950954,0.003318283378746594
strong,2048,4194304,32,131072,BJ,0,4,5,1102,9.235e-09,11.4613,0.824462,0.335377,6.43175,3.96965,0.423296,212471,results/phase5/raw/timing_strong_p32_212471.csv,0.010400453720508166,0.0058364337568058075,0.0036022232304900184
strong,2048,4194304,32,131072,AS1,1,4,5,1072,9.48762e-09,10.8095,0.989724,0.264104,7.61906,2.86969,0.546419,212471,results/phase5/raw/timing_strong_p32_212471.csv,0.01008348880597015,0.007107332089552239,0.0026769496268656714
strong,2048,4194304,32,131072,AS2,2,4,5,1101,9.99226e-09,14.3531,1.20158,0.423319,8.85941,4.78156,0.535039,212471,results/phase5/raw/timing_strong_p32_212471.csv,0.013036421435059037,0.00804669391462307,0.004342924613987284
weak,256,65536,1,65536,BJ,0,4,1,102,9.00337e-09,0.320781,0.0230309,9.44356e-05,0.266457,7.24294e-05,0.0137159,212457,results/phase5/raw/timing_weak_p1_212457.csv,0.003144911764705882,0.0026123235294117646,7.10092156862745e-07
weak,256,65536,1,65536,AS1,1,4,1,102,9.00337e-09,0.371199,0.0342693,0.000114263,0.305331,0.00010349,0.0139492,212457,results/phase5/raw/timing_weak_p1_212457.csv,0.003639205882352941,0.0029934411764705885,1.0146078431372549e-06
weak,256,65536,1,65536,AS2,2,4,1,102,9.00337e-09,0.358458,0.0332716,0.000105356,0.294529,0.000100984,0.0135167,212457,results/phase5/raw/timing_weak_p1_212457.csv,0.0035142941176470586,0.0028875392156862746,9.900392156862745e-07
weak,256,65536,1,65536,BJ,0,4,2,102,9.00337e-09,0.324816,0.023837,9.76899e-05,0.269276,7.68739e-05,0.0137916,212457,results/phase5/raw/timing_weak_p1_212457.csv,0.0031844705882352943,0.0026399607843137257,7.536656862745098e-07
weak,256,65536,1,65536,AS1,1,4,2,102,9.00337e-09,0.364789,0.033817,0.000110975,0.299893,9.18782e-05,0.0136699,212457,results/phase5/raw/timing_weak_p1_212457.csv,0.003576362745098039,0.002940127450980392,9.007666666666667e-07
weak,256,65536,1,65536,AS2,2,4,2,102,9.00337e-09,0.376507,0.0348319,0.000121879,0.309457,0.000102916,0.0142134,212457,results/phase5/raw/timing_weak_p1_212457.csv,0.0036912450980392153,0.003033892156862745,1.0089803921568627e-06
weak,256,65536,1,65536,BJ,0,4,3,102,9.00337e-09,0.318052,0.0227413,0.000105565,0.264057,7.96404e-05,0.0139154,212457,results/phase5/raw/timing_weak_p1_212457.csv,0.003118156862745098,0.0025887941176470585,7.807882352941177e-07
weak,256,65536,1,65536,AS1,1,4,3,102,9.00337e-09,0.368618,0.0338129,0.000134726,0.303029,9.3824e-05,0.0141892,212457,results/phase5/raw/timing_weak_p1_212457.csv,0.0036139019607843137,0.002970872549019608,9.19843137254902e-07
weak,256,65536,1,65536,AS2,2,4,3,102,9.00337e-09,0.374957,0.0344727,0.000113322,0.30807,9.13218e-05,0.014335,212457,results/phase5/raw/timing_weak_p1_212457.csv,0.003676049019607843,0.003020294117647059,8.953117647058824e-07
weak,256,65536,1,65536,BJ,0,4,4,102,9.00337e-09,0.325074,0.0237871,0.000103095,0.269538,7.82793e-05,0.0139627,212457,results/phase5/raw/timing_weak_p1_212457.csv,0.0031869999999999997,0.002642529411764706,7.674441176470587e-07
weak,256,65536,1,65536,AS1,1,4,4,102,9.00337e-09,0.364024,0.0332598,0.000100549,0.2988,8.37992e-05,0.0145831,212457,results/phase5/raw/timing_weak_p1_212457.csv,0.003568862745098039,0.0029294117647058826,8.215607843137255e-07
weak,256,65536,1,65536,AS2,2,4,4,102,9.00337e-09,0.367601,0.0343119,9.45085e-05,0.301736,0.000100897,0.0140114,212457,results/phase5/raw/timing_weak_p1_212457.csv,0.0036039313725490197,0.0029581960784313727,9.89186274509804e-07
weak,256,65536,1,65536,BJ,0,4,5,102,9.00337e-09,0.313166,0.0222838,9.79304e-05,0.260086,7.31486e-05,0.0137115,212457,results/phase5/raw/timing_weak_p1_212457.csv,0.0030702549019607844,0.0025498627450980392,7.171431372549019e-07
weak,256,65536,1,65536,AS1,1,4,5,102,9.00337e-09,0.369891,0.0340379,0.000115289,0.303913,8.79497e-05,0.0143347,212457,results/phase5/raw/timing_weak_p1_212457.csv,0.0036263823529411768,0.002979539215686274,8.622519607843138e-07
weak,256,65536,1,65536,AS2,2,4,5,102,9.00337e-09,0.37171,0.0339354,0.000116376,0.305831,8.82207e-05,0.0142341,212457,results/phase5/raw/timing_weak_p1_212457.csv,0.0036442156862745096,0.002998343137254902,8.649088235294118e-07
weak,362,131044,2,65522,BJ,0,4,1,239,6.24353e-09,0.802804,0.0659811,0.00880903,0.640463,0.0309242,0.0329294,212458,results/phase5/raw/timing_weak_p2_212458.csv,0.0033590125523012553,0.0026797615062761505,0.00012938995815899582
weak,362,131044,2,65522,AS1,1,4,1,226,8.66291e-09,0.941641,0.120906,0.0448648,0.747063,0.00380975,0.0320881,212458,results/phase5/raw/timing_weak_p2_212458.csv,0.004166553097345133,0.0033055884955752214,1.6857300884955753e-05
weak,362,131044,2,65522,AS2,2,4,1,228,9.73973e-09,0.897032,0.105547,0.0179091,0.717889,0.00511397,0.0327793,212458,results/phase5/raw/timing_weak_p2_212458.csv,0.003934350877192983,0.0031486359649122806,2.242969298245614e-05
weak,362,131044,2,65522,BJ,0,4,2,239,6.24353e-09,0.788452,0.0661941,0.0119257,0.642523,0.0156542,0.032539,212458,results/phase5/raw/timing_weak_p2_212458.csv,0.0032989623430962345,0.002688380753138075,6.549874476987448e-05
weak,362,131044,2,65522,AS1,1,4,2,226,8.66291e-09,0.915461,0.109667,0.0346727,0.720608,0.0165588,0.0333002,212458,results/phase5/raw/timing_weak_p2_212458.csv,0.004050712389380531,0.0031885309734513275,7.326902654867255e-05
weak,362,131044,2,65522,AS2,2,4,2,228,9.73973e-09,0.913153,0.105428,0.0286783,0.734354,0.00527769,0.0323457,212458,results/phase5/raw/timing_weak_p2_212458.csv,0.00400505701754386,0.0032208508771929822,2.3147763157894735e-05
weak,362,131044,2,65522,BJ,0,4,3,239,6.24353e-09,0.785376,0.0634903,0.0054991,0.642312,0.0139219,0.0335318,212458,results/phase5/raw/timing_weak_p2_212458.csv,0.003286092050209205,0.002687497907949791,5.825062761506276e-05
weak,362,131044,2,65522,AS1,1,4,3,226,8.66291e-09,0.915913,0.0953569,0.020238,0.746116,0.0056568,0.0333698,212458,results/phase5/raw/timing_weak_p2_212458.csv,0.004052712389380531,0.0033013982300884957,2.503008849557522e-05
weak,362,131044,2,65522,AS2,2,4,3,228,9.73973e-09,0.894168,0.0809983,0.00578236,0.738972,0.00491836,0.0328808,212458,results/phase5/raw/timing_weak_p2_212458.csv,0.00392178947368421,0.0032411052631578945,2.157175438596491e-05
weak,362,131044,2,65522,BJ,0,4,4,239,6.24353e-09,0.795659,0.0644813,0.00672902,0.652465,0.0289628,0.0332784,212458,results/phase5/raw/timing_weak_p2_212458.csv,0.0033291171548117155,0.002729979079497908,0.00012118326359832636
weak,362,131044,2,65522,AS1,1,4,4,226,8.66291e-09,0.907628,0.109953,0.033754,0.723048,0.00496093,0.0338034,212458,results/phase5/raw/timing_weak_p2_212458.csv,0.004016053097345132,0.0031993274336283187,2.1951017699115042e-05
weak,362,131044,2,65522,AS2,2,4,4,228,9.73973e-09,0.912797,0.104298,0.0296586,0.734673,0.0053014,0.0319357,212458,results/phase5/raw/timing_weak_p2_212458.csv,0.004003495614035088,0.0032222500000000003,2.3251754385964915e-05
weak,362,131044,2,65522,BJ,0,4,5,239,6.24353e-09,0.809985,0.0878511,0.0333548,0.644697,0.00600795,0.0330828,212458,results/phase5/raw/timing_weak_p2_212458.csv,0.0033890585774058574,0.0026974769874476986,2.513786610878661e-05
weak,362,131044,2,65522,AS1,1,4,5,226,8.66291e-09,0.9021,0.11983,0.0447934,0.708574,0.00519978,0.0431966,212458,results/phase5/raw/timing_weak_p2_212458.csv,0.003991592920353983,0.0031352831858407083,2.300787610619469e-05
weak,362,131044,2,65522,AS2,2,4,5,228,9.73973e-09,0.940024,0.119862,0.0439882,0.746124,0.00444276,0.0320851,212458,results/phase5/raw/timing_weak_p2_212458.csv,0.004122912280701755,0.0032724736842105265,1.9485789473684208e-05
weak,1448,2096704,32,66608,BJ,0,4,1,1025,9.50055e-09,6.07656,0.50273,0.267669,2.93831,2.70409,0.142069,212462,results/phase5/raw/timing_weak_p32_212462.csv,0.005928351219512195,0.0028666439024390244,0.0026381365853658536
weak,1448,2096704,32,66608,AS1,1,4,1,959,9.15483e-09,6.19463,0.510941,0.193632,3.88057,2.25006,0.149509,212462,results/phase5/raw/timing_weak_p32_212462.csv,0.006459468196037539,0.0040464754953076125,0.0023462565172054223
weak,1448,2096704,32,66608,AS2,2,4,1,960,9.97051e-09,6.95951,0.567695,0.21503,4.08345,2.87998,0.144876,212462,results/phase5/raw/timing_weak_p32_212462.csv,0.0072494895833333335,0.00425359375,0.002999979166666667
weak,1448,2096704,32,66608,BJ,0,4,2,1025,9.50055e-09,4.08275,0.348913,0.103667,2.89698,0.856692,0.142977,212462,results/phase5/raw/timing_weak_p32_212462.csv,0.0039831707317073166,0.002826321951219512,0.0008357970731707317
weak,1448,2096704,32,66608,AS1,1,4,2,959,9.15483e-09,6.44261,0.556313,0.238487,3.87396,2.49886,0.144276,212462,results/phase5/raw/timing_weak_p32_212462.csv,0.006718050052137644,0.004039582898852972,0.0026056934306569342
weak,1448,2096704,32,66608,AS2,2,4,2,960,9.97051e-09,5.48006,0.42023,0.0972269,3.8206,1.37725,0.14547,212462,results/phase5/raw/timing_weak_p32_212462.csv,0.0057083958333333336,0.003979791666666667,0.0014346354166666667
weak,1448,2096704,32,66608,BJ,0,4,3,1025,9.50055e-09,4.0508,0.344438,0.0963601,2.89807,0.757239,0.145122,212462,results/phase5/raw/timing_weak_p32_212462.csv,0.003952,0.0028273853658536585,0.000738769756097561
weak,1448,2096704,32,66608,AS1,1,4,3,959,9.15483e-09,4.59373,0.382431,0.0536442,3.57748,1.2574,0.141218,212462,results/phase5/raw/timing_weak_p32_212462.csv,0.004790125130344108,0.003730427528675704,0.0013111574556830031
weak,1448,2096704,32,66608,AS2,2,4,3,960,9.97051e-09,5.77783,0.39297,0.0693033,4.08361,1.85283,0.142834,212462,results/phase5/raw/timing_weak_p32_212462.csv,0.006018572916666667,0.004253760416666667,0.0019300312499999999
weak,1448,2096704,32,66608,BJ,0,4,4,1025,9.50055e-09,4.67776,0.370187,0.134337,2.90503,1.57948,0.142202,212462,results/phase5/raw/timing_weak_p32_212462.csv,0.004563668292682927,0.0028341756097560976,0.0015409560975609756
weak,1448,2096704,32,66608,AS1,1,4,4,959,9.15483e-09,5.96075,0.521816,0.209285,3.50893,2.0262,0.142379,212462,results/phase5/raw/timing_weak_p32_212462.csv,0.006215589155370177,0.003658946819603754,0.0021128258602711157
weak,1448,2096704,32,66608,AS2,2,4,4,960,9.97051e-09,5.05354,0.376479,0.0694699,3.92912,1.37574,0.150139,212462,results/phase5/raw/timing_weak_p32_212462.csv,0.005264104166666667,0.004092833333333334,0.0014330624999999999
weak,1448,2096704,32,66608,BJ,0,4,5,1025,9.50055e-09,5.07894,0.410859,0.199502,2.97361,1.81675,0.145653,212462,results/phase5/raw/timing_weak_p32_212462.csv,0.0049550634146341465,0.002901082926829268,0.001772439024390244
weak,1448,2096704,32,66608,AS1,1,4,5,959,9.15483e-09,5.20629,0.399485,0.101308,3.45335,1.62494,0.147708,212462,results/phase5/raw/timing_weak_p32_212462.csv,0.005428873826903024,0.003600990615224192,0.0016944108446298228
weak,1448,2096704,32,66608,AS2,2,4,5,960,9.97051e-09,7.08389,0.611852,0.277796,4.20383,2.98077,0.159658,212462,results/phase5/raw/timing_weak_p32_212462.csv,0.007379052083333334,0.004378989583333334,0.00310496875
weak,2048,4194304,64,65536,BJ,0,4,1,1147,8.75946e-09,15.2741,0.995892,0.692211,3.47417,11.5535,0.194749,212463,results/phase5/raw/timing_weak_p64_212463.csv,0.013316564952048823,0.003028918918918919,0.010072798605056669
weak,2048,4194304,64,65536,AS1,1,4,1,1083,9.25241e-09,19.0982,1.01498,0.637023,5.36554,14.4022,0.181127,212463,results/phase5/raw/timing_weak_p64_212463.csv,0.017634533702677747,0.004954330563250231,0.01329843028624192
weak,2048,4194304,64,65536,AS2,2,4,1,1103,9.39658e-09,14.8815,0.870986,0.51229,5.31887,9.78503,0.194811,212463,results/phase5/raw/timing_weak_p64_212463.csv,0.013491840435176792,0.0048221849501359935,0.00887128739800544
weak,2048,4194304,64,65536,BJ,0,4,2,1147,8.75946e-09,12.623,0.848987,0.581581,3.31633,8.79599,0.184264,212463,results/phase5/raw/timing_weak_p64_212463.csv,0.011005231037489101,0.002891307759372275,0.007668692240627724
weak,2048,4194304,64,65536,AS1,1,4,2,1083,9.25241e-09,16.4936,0.944654,0.585185,5.0501,11.7883,0.188264,212463,results/phase5/raw/timing_weak_p64_212463.csv,0.01522954755309326,0.004663065558633425,0.010884856879039704
weak,2048,4194304,64,65536,AS2,2,4,2,1103,9.39658e-09,15.438,0.966819,0.607043,5.30282,10.5557,0.197652,212463,results/phase5/raw/timing_weak_p64_212463.csv,0.01399637352674524,0.004807633726201269,0.009569990933816863
weak,2048,4194304,64,65536,BJ,0,4,3,1147,8.75946e-09,13.7792,0.808848,0.535435,3.47553,9.96346,0.177106,212463,results/phase5/raw/timing_weak_p64_212463.csv,0.012013251961639057,0.003030104620749782,0.008686538796861378
weak,2048,4194304,64,65536,AS1,1,4,3,1083,9.25241e-09,17.3128,0.998463,0.633007,5.03133,12.6192,0.216,212463,results/phase5/raw/timing_weak_p64_212463.csv,0.0159859649122807,0.00464573407202216,0.01165207756232687
weak,2048,4194304,64,65536,AS2,2,4,3,1103,9.39658e-09,14.3137,0.766777,0.372972,4.87273,9.26401,0.198419,212463,results/phase5/raw/timing_weak_p64_212463.csv,0.012977062556663645,0.004417706255666364,0.00839892112420671
weak,2048,4194304,64,65536,BJ,0,4,4,1147,8.75946e-09,14.1895,0.906262,0.644083,3.44606,10.6162,0.190366,212463,results/phase5/raw/timing_weak_p64_212463.csv,0.012370967741935484,0.0030044115082824762,0.009255623365300784
weak,2048,4194304,64,65536,AS1,1,4,4,1083,9.25241e-09,14.106,0.829437,0.461823,4.82051,9.45848,0.17639,212463,results/phase5/raw/timing_weak_p64_212463.csv,0.013024930747922438,0.00445107109879963,0.0087335918744229
weak,2048,4194304,64,65536,AS2,2,4,4,1103,9.39658e-09,18.7321,1.00939,0.648482,5.50906,13.6726,0.196358,212463,results/phase5/raw/timing_weak_p64_212463.csv,0.01698286491387126,0.004994614687216682,0.012395829555757026
weak,2048,4194304,64,65536,BJ,0,4,5,1147,8.75946e-09,13.7725,1.09594,0.812319,3.39973,9.94519,0.200713,212463,results/phase5/raw/timing_weak_p64_212463.csv,0.012007410636442895,0.0029640191804707933,0.008670610287707062
weak,2048,4194304,64,65536,AS1,1,4,5,1083,9.25241e-09,15.4253,0.896716,0.534556,5.15832,10.8391,0.193122,212463,results/phase5/raw/timing_weak_p64_212463.csv,0.014243120960295475,0.004762991689750693,0.010008402585410896
weak,2048,4194304,64,65536,AS2,2,4,5,1103,9.39658e-09,19.665,1.02449,0.63753,5.67091,14.6166,0.194543,212463,results/phase5/raw/timing_weak_p64_212463.csv,0.017828649138712602,0.005141350861287398,0.013251677243880326
strong,1024,1048576,64,16384,BJ,0,4,1,636,9.97962e-09,0.582573,0.0397598,0.0072784,0.452325,0.0441457,0.0200258,213717,results/phase5/critical_rerun/raw/critical_n1024_p64_213717.csv,0.000915995283018868,0.0007112028301886792,6.941147798742139e-05
strong,1024,1048576,64,16384,AS1,1,4,1,567,8.98817e-09,0.608937,0.0362076,0.0072654,0.490265,0.0389008,0.0198235,213717,results/phase5/critical_rerun/raw/critical_n1024_p64_213717.csv,0.001073962962962963,0.0008646649029982363,6.860811287477954e-05
strong,1024,1048576,64,16384,AS2,2,4,1,566,8.47533e-09,0.697654,0.0339661,0.00515951,0.557436,0.0645697,0.0180866,213717,results/phase5/critical_rerun/raw/critical_n1024_p64_213717.csv,0.0012326042402826855,0.00098486925795053,0.00011408074204946996
strong,1024,1048576,64,16384,BJ,0,4,2,636,9.97962e-09,0.582002,0.0464147,0.00510636,0.451258,0.036018,0.0220064,213717,results/phase5/critical_rerun/raw/critical_n1024_p64_213717.csv,0.0009150974842767296,0.0007095251572327044,5.6632075471698114e-05
strong,1024,1048576,64,16384,AS1,1,4,2,567,8.98817e-09,0.607738,0.0370469,0.00843923,0.487341,0.039931,0.0197003,213717,results/phase5/critical_rerun/raw/critical_n1024_p64_213717.csv,0.001071848324514991,0.0008595079365079365,7.042504409171076e-05
strong,1024,1048576,64,16384,AS2,2,4,2,566,8.47533e-09,0.674884,0.031582,0.00317054,0.536838,0.0633273,0.0196082,213717,results/phase5/critical_rerun/raw/critical_n1024_p64_213717.csv,0.001192374558303887,0.0009484770318021202,0.0001118856890459364
strong,1024,1048576,64,16384,BJ,0,4,3,636,9.97962e-09,0.579018,0.0374298,0.0051154,0.451719,0.0417955,0.0218024,213717,results/phase5/critical_rerun/raw/critical_n1024_p64_213717.csv,0.0009104056603773586,0.0007102499999999999,6.571619496855346e-05
strong,1024,1048576,64,16384,AS1,1,4,3,567,8.98817e-09,0.607191,0.036242,0.00717563,0.494505,0.0327884,0.018874,213717,results/phase5/critical_rerun/raw/critical_n1024_p64_213717.csv,0.001070883597883598,0.0008721428571428571,5.78278659611993e-05
strong,1024,1048576,64,16384,AS2,2,4,3,566,8.47533e-09,0.815281,0.0315744,0.00306116,0.539873,0.201032,0.0194628,213717,results/phase5/critical_rerun/raw/critical_n1024_p64_213717.csv,0.0014404257950530036,0.0009538392226148411,0.00035518021201413425
strong,1024,1048576,64,16384,BJ,0,4,4,636,9.97962e-09,0.581656,0.0462074,0.0135879,0.454163,0.0341712,0.0203793,213717,results/phase5/critical_rerun/raw/critical_n1024_p64_213717.csv,0.0009145534591194968,0.0007140927672955974,5.372830188679245e-05
strong,1024,1048576,64,16384,AS1,1,4,4,567,8.98817e-09,0.59958,0.0345186,0.00546752,0.49294,0.030394,0.0181531,213717,results/phase5/critical_rerun/raw/critical_n1024_p64_213717.csv,0.0010574603174603174,0.0008693827160493827,5.360493827160494e-05
strong,1024,1048576,64,16384,AS2,2,4,4,566,8.47533e-09,0.656032,0.0364519,0.0037617,0.537713,0.0390083,0.0195082,213717,results/phase5/critical_rerun/raw/critical_n1024_p64_213717.csv,0.0011590671378091872,0.0009500229681978799,6.891925795053004e-05
strong,1024,1048576,64,16384,BJ,0,4,5,636,9.97962e-09,0.593246,0.0400776,0.00745138,0.451422,0.0549026,0.0201172,213717,results/phase5/critical_rerun/raw/critical_n1024_p64_213717.csv,0.0009327767295597485,0.0007097830188679245,8.63248427672956e-05
strong,1024,1048576,64,16384,AS1,1,4,5,567,8.98817e-09,0.613916,0.0342763,0.00530101,0.491878,0.0454423,0.0185196,213717,results/phase5/critical_rerun/raw/critical_n1024_p64_213717.csv,0.0010827442680776014,0.0008675097001763668,8.014514991181658e-05
strong,1024,1048576,64,16384,AS2,2,4,5,566,8.47533e-09,0.662458,0.0334826,0.00493588,0.544675,0.0424192,0.0184015,213717,results/phase5/critical_rerun/raw/critical_n1024_p64_213717.csv,0.0011704204946996466,0.0009623233215547704,7.494558303886925e-05
strong,2048,4194304,2,2097152,BJ,0,4,1,1215,9.36541e-09,130.603,12.7595,0.387102,99.382,2.8895,8.15125,213718,results/phase5/critical_rerun/raw/critical_n2048_p2_213718.csv,0.10749218106995885,0.08179588477366255,0.0023781893004115227
strong,2048,4194304,2,2097152,AS1,1,4,1,1150,9.92848e-09,143.422,11.9906,0.215026,114.3,0.561619,8.34198,213718,results/phase5/critical_rerun/raw/critical_n2048_p2_213718.csv,0.12471478260869565,0.09939130434782609,0.000488364347826087
strong,2048,4194304,2,2097152,AS2,2,4,1,1112,9.81766e-09,137.878,11.7554,0.499695,109.724,0.624673,7.85497,213718,results/phase5/critical_rerun/raw/critical_n2048_p2_213718.csv,0.12399100719424459,0.0986726618705036,0.0005617562949640288
strong,2048,4194304,2,2097152,BJ,0,4,2,1215,9.36541e-09,129.069,12.4277,0.288641,94.6139,6.52273,8.25873,213718,results/phase5/critical_rerun/raw/critical_n2048_p2_213718.csv,0.10622962962962962,0.07787152263374486,0.005368502057613169
strong,2048,4194304,2,2097152,AS1,1,4,2,1150,9.92848e-09,140.772,11.7912,0.316992,112.131,0.661862,8.05242,213718,results/phase5/critical_rerun/raw/critical_n2048_p2_213718.csv,0.12241043478260868,0.09750521739130434,0.0005755321739130434
strong,2048,4194304,2,2097152,AS2,2,4,2,1112,9.81766e-09,136.94,11.7065,0.562179,108.983,0.658029,7.7305,213718,results/phase5/critical_rerun/raw/critical_n2048_p2_213718.csv,0.12314748201438849,0.09800629496402878,0.0005917526978417266
strong,2048,4194304,2,2097152,BJ,0,4,3,1215,9.36541e-09,131.141,12.7097,0.519345,100.806,2.25777,8.03635,213718,results/phase5/critical_rerun/raw/critical_n2048_p2_213718.csv,0.1079349794238683,0.0829679012345679,0.0018582469135802469
strong,2048,4194304,2,2097152,AS1,1,4,3,1150,9.92848e-09,141.686,11.9604,0.38659,112.614,0.510624,8.33137,213718,results/phase5/critical_rerun/raw/critical_n2048_p2_213718.csv,0.12320521739130436,0.09792521739130434,0.00044402086956521735
strong,2048,4194304,2,2097152,AS2,2,4,3,1112,9.81766e-09,136.279,11.6282,0.481167,108.343,0.739698,7.77126,213718,results/phase5/critical_rerun/raw/critical_n2048_p2_213718.csv,0.12255305755395683,0.09743075539568345,0.0006651960431654676
strong,2048,4194304,2,2097152,BJ,0,4,4,1215,9.36541e-09,130.711,12.3807,0.299353,96.0299,6.49296,8.29771,213718,results/phase5/critical_rerun/raw/critical_n2048_p2_213718.csv,0.10758106995884775,0.07903695473251028,0.005344
strong,2048,4194304,2,2097152,AS1,1,4,4,1150,9.92848e-09,141.543,12.1486,0.687971,112.561,0.668462,8.04801,213718,results/phase5/critical_rerun/raw/critical_n2048_p2_213718.csv,0.1230808695652174,0.09787913043478262,0.0005812713043478261
strong,2048,4194304,2,2097152,AS2,2,4,4,1112,9.81766e-09,137.294,11.6962,0.49925,109.23,0.82748,7.72542,213718,results/phase5/critical_rerun/raw/critical_n2048_p2_213718.csv,0.12346582733812951,0.09822841726618706,0.000744136690647482
strong,2048,4194304,2,2097152,BJ,0,4,5,1215,9.36541e-09,131.951,12.5655,0.429044,97.3581,6.24202,8.28397,213718,results/phase5/critical_rerun/raw/critical_n2048_p2_213718.csv,0.10860164609053498,0.08013012345679012,0.005137465020576132
strong,2048,4194304,2,2097152,AS1,1,4,5,1150,9.92848e-09,145.402,12.5753,0.77981,115.714,0.640251,8.21377,213718,results/phase5/critical_rerun/raw/critical_n2048_p2_213718.csv,0.12643652173913042,0.10062086956521739,0.00055674
strong,2048,4194304,2,2097152,AS2,2,4,5,1112,9.81766e-09,145.599,13.4875,1.19068,114.47,1.20643,8.10538,213718,results/phase5/critical_rerun/raw/critical_n2048_p2_213718.csv,0.1309343525179856,0.10294064748201438,0.0010849190647482013
weak,2896,8386816,128,66608,BJ,0,4,1,2135,9.62245e-09,7.76991,0.502399,0.0378482,5.79776,0.860992,0.266674,213719,results/phase5/critical_rerun/raw/critical_n2896_p128_213719.csv,0.003639302107728337,0.0027155784543325527,0.0004032749414519906
weak,2896,8386816,128,66608,AS1,1,4,1,1900,9.50243e-09,10.3024,1.05549,0.0204253,8.09956,0.438687,0.381266,213719,results/phase5/critical_rerun/raw/critical_n2896_p128_213719.csv,0.005422315789473685,0.004262926315789474,0.0002308878947368421
weak,2896,8386816,128,66608,AS2,2,4,1,1909,9.94903e-09,11.2195,1.06711,0.018968,8.07271,1.33207,0.415935,213719,results/phase5/critical_rerun/raw/critical_n2896_p128_213719.csv,0.00587716081718177,0.0042287637506547935,0.0006977841801990572
weak,2896,8386816,128,66608,BJ,0,4,2,2135,9.62245e-09,7.74089,0.556459,0.0535252,6.09468,0.433268,0.299105,213719,results/phase5/critical_rerun/raw/critical_n2896_p128_213719.csv,0.003625709601873536,0.002854651053864169,0.00020293583138173302
weak,2896,8386816,128,66608,AS1,1,4,2,1900,9.50243e-09,10.3669,1.05229,0.0878068,8.24463,0.407107,0.337663,213719,results/phase5/critical_rerun/raw/critical_n2896_p128_213719.csv,0.005456263157894737,0.004339278947368422,0.00021426684210526316
weak,2896,8386816,128,66608,AS2,2,4,2,1909,9.94903e-09,11.1683,1.10245,0.0866006,8.55834,0.803114,0.377012,213719,results/phase5/critical_rerun/raw/critical_n2896_p128_213719.csv,0.0058503404924044,0.004483153483499214,0.00042069879518072287
weak,2896,8386816,128,66608,BJ,0,4,3,2135,9.62245e-09,7.7263,0.528046,0.0558801,6.10282,0.433031,0.308549,213719,results/phase5/critical_rerun/raw/critical_n2896_p128_213719.csv,0.0036188758782201404,0.002858463700234192,0.0002028248243559719
weak,2896,8386816,128,66608,AS1,1,4,3,1900,9.50243e-09,10.2981,1.0478,0.0200709,8.03466,0.502021,0.386899,213719,results/phase5/critical_rerun/raw/critical_n2896_p128_213719.csv,0.005420052631578947,0.004228768421052632,0.00026422157894736843
weak,2896,8386816,128,66608,AS2,2,4,3,1909,9.94903e-09,11.2077,1.08244,0.0204982,8.35535,1.02458,0.415411,213719,results/phase5/critical_rerun/raw/critical_n2896_p128_213719.csv,0.005870979570455737,0.00437682032477737,0.0005367103195390257
weak,2896,8386816,128,66608,BJ,0,4,4,2135,9.62245e-09,7.75732,0.531729,0.0452855,6.07504,0.508366,0.285531,213719,results/phase5/critical_rerun/raw/critical_n2896_p128_213719.csv,0.0036334051522248245,0.0028454519906323185,0.00023811053864168617
weak,2896,8386816,128,66608,AS1,1,4,4,1900,9.50243e-09,10.4129,1.07031,0.0501758,7.97584,0.652753,0.386094,213719,results/phase5/critical_rerun/raw/critical_n2896_p128_213719.csv,0.005480473684210526,0.004197810526315789,0.0003435542105263158
weak,2896,8386816,128,66608,AS2,2,4,4,1909,9.94903e-09,11.1676,1.07997,0.0216847,8.76421,0.568366,0.424683,213719,results/phase5/critical_rerun/raw/critical_n2896_p128_213719.csv,0.005849973808276585,0.004590995285489785,0.0002977297014143531
weak,2896,8386816,128,66608,BJ,0,4,5,2135,9.62245e-09,7.98052,0.531068,0.057712,6.0934,0.699253,0.301964,213719,results/phase5/critical_rerun/raw/critical_n2896_p128_213719.csv,0.0037379484777517566,0.0028540515222482436,0.0003275189695550351
weak,2896,8386816,128,66608,AS1,1,4,5,1900,9.50243e-09,10.4144,1.06959,0.0493226,7.97967,0.660775,0.376461,213719,results/phase5/critical_rerun/raw/critical_n2896_p128_213719.csv,0.005481263157894737,0.004199826315789474,0.00034777631578947367
weak,2896,8386816,128,66608,AS2,2,4,5,1909,9.94903e-09,11.149,1.06788,0.0200444,8.35371,0.990724,0.40654,213719,results/phase5/critical_rerun/raw/critical_n2896_p128_213719.csv,0.005840230487166055,0.004375961236249345,0.0005189753797799895
strong,1024,1048576,32,32768,BJ,0,4,1,596,8.20908e-09,0.770039,0.0516131,0.00412899,0.617623,0.0334458,0.0311625,216362,results/phase5/stability_rerun/raw/stability_strong_n1024_p32_216362.csv,0.001292011744966443,0.001036280201342282,5.611711409395973e-05
strong,1024,1048576,32,32768,AS1,1,4,1,562,8.79959e-09,0.809754,0.0464639,0.00516374,0.659779,0.0430058,0.0261339,216362,results/phase5/stability_rerun/raw/stability_strong_n1024_p32_216362.csv,0.0014408434163701066,0.0011739839857651247,7.652277580071174e-05
strong,1024,1048576,32,32768,AS2,2,4,1,571,9.77984e-09,0.857719,0.047218,0.00448569,0.707436,0.0413906,0.0269673,216362,results/phase5/stability_rerun/raw/stability_strong_n1024_p32_216362.csv,0.0015021348511383538,0.0012389422066549911,7.248791593695272e-05
strong,1024,1048576,32,32768,BJ,0,4,2,596,8.20908e-09,0.767238,0.0463506,0.00312805,0.614622,0.038784,0.0312824,216362,results/phase5/stability_rerun/raw/stability_strong_n1024_p32_216362.csv,0.0012873120805369127,0.001031244966442953,6.50738255033557e-05
strong,1024,1048576,32,32768,AS1,1,4,2,562,8.79959e-09,0.808092,0.0478312,0.00668635,0.667505,0.0318258,0.0264568,216362,results/phase5/stability_rerun/raw/stability_strong_n1024_p32_216362.csv,0.0014378861209964414,0.0011877313167259786,5.6629537366548045e-05
strong,1024,1048576,32,32768,AS2,2,4,2,571,9.77984e-09,0.891423,0.0477942,0.00369957,0.738869,0.0429399,0.0273468,216362,results/phase5/stability_rerun/raw/stability_strong_n1024_p32_216362.csv,0.0015611611208406304,0.0012939912434325744,7.520122591943958e-05
strong,1024,1048576,32,32768,BJ,0,4,3,596,8.20908e-09,0.765159,0.0471309,0.00334375,0.613366,0.0383324,0.0298364,216362,results/phase5/stability_rerun/raw/stability_strong_n1024_p32_216362.csv,0.0012838238255033557,0.0010291375838926175,6.431610738255033e-05
strong,1024,1048576,32,32768,AS1,1,4,3,562,8.79959e-09,0.80811,0.0463448,0.00479965,0.667873,0.03303,0.0264215,216362,results/phase5/stability_rerun/raw/stability_strong_n1024_p32_216362.csv,0.001437918149466192,0.0011883861209964414,5.877224199288256e-05
strong,1024,1048576,32,32768,AS2,2,4,3,571,9.77984e-09,0.860917,0.0514331,0.0050403,0.71546,0.0306468,0.0279219,216362,results/phase5/stability_rerun/raw/stability_strong_n1024_p32_216362.csv,0.001507735551663748,0.0012529947460595446,5.367215411558669e-05
strong,1024,1048576,32,32768,BJ,0,4,4,596,8.20908e-09,0.767851,0.0480485,0.00371823,0.614685,0.0391482,0.0297626,216362,results/phase5/stability_rerun/raw/stability_strong_n1024_p32_216362.csv,0.0012883406040268455,0.0010313506711409396,6.568489932885907e-05
strong,1024,1048576,32,32768,AS1,1,4,4,562,8.79959e-09,0.804588,0.0455524,0.00437364,0.66595,0.0326789,0.026174,216362,results/phase5/stability_rerun/raw/stability_strong_n1024_p32_216362.csv,0.0014316512455516013,0.0011849644128113879,5.814750889679715e-05
strong,1024,1048576,32,32768,AS2,2,4,4,571,9.77984e-09,0.861256,0.0480879,0.00595717,0.719884,0.0312211,0.026831,216362,results/phase5/stability_rerun/raw/stability_strong_n1024_p32_216362.csv,0.0015083292469352015,0.0012607425569176882,5.467793345008757e-05
strong,1024,1048576,32,32768,BJ,0,4,5,596,8.20908e-09,0.764428,0.0499346,0.005551,0.612998,0.0372651,0.0281207,216362,results/phase5/stability_rerun/raw/stability_strong_n1024_p32_216362.csv,0.0012825973154362417,0.001028520134228188,6.25253355704698e-05
strong,1024,1048576,32,32768,AS1,1,4,5,562,8.79959e-09,0.80336,0.0449292,0.00432594,0.658593,0.0379695,0.0277282,216362,results/phase5/stability_rerun/raw/stability_strong_n1024_p32_216362.csv,0.0014294661921708184,0.001171873665480427,6.756138790035588e-05
strong,1024,1048576,32,32768,AS2,2,4,5,571,9.77984e-09,0.85709,0.0475344,0.00514742,0.71395,0.0338416,0.0266329,216362,results/phase5/stability_rerun/raw/stability_strong_n1024_p32_216362.csv,0.0015010332749562172,0.0012503502626970227,5.926725043782837e-05
strong,1024,1048576,4,262144,BJ,0,4,1,577,9.65072e-09,5.60224,0.376586,0.00312586,4.65379,0.0131554,0.272932,216360,results/phase5/stability_rerun/raw/stability_strong_n1024_p4_216360.csv,0.009709254766031196,0.008065493934142114,2.279965337954939e-05
strong,1024,1048576,4,262144,AS1,1,4,1,553,9.99784e-09,6.61397,0.650897,0.00415232,5.4076,0.00768494,0.267478,216360,results/phase5/stability_rerun/raw/stability_strong_n1024_p4_216360.csv,0.011960162748643761,0.00977866184448463,1.3896817359855334e-05
strong,1024,1048576,4,262144,AS2,2,4,1,578,9.9035e-09,6.9504,0.671106,0.00343106,5.69696,0.00907419,0.280544,216360,results/phase5/stability_rerun/raw/stability_strong_n1024_p4_216360.csv,0.01202491349480969,0.009856332179930795,1.5699290657439445e-05
strong,1024,1048576,4,262144,BJ,0,4,2,577,9.65072e-09,5.58618,0.376041,0.0036411,4.64255,0.0117422,0.270381,216360,results/phase5/stability_rerun/raw/stability_strong_n1024_p4_216360.csv,0.009681421143847487,0.008046013864818024,2.0350433275563258e-05
strong,1024,1048576,4,262144,AS1,1,4,2,553,9.99784e-09,6.64152,0.664997,0.00350742,5.42191,0.00659707,0.266479,216360,results/phase5/stability_rerun/raw/stability_strong_n1024_p4_216360.csv,0.01200998191681736,0.009804538878842676,1.1929602169981917e-05
strong,1024,1048576,4,262144,AS2,2,4,2,578,9.9035e-09,6.96345,0.682885,0.036121,5.70928,0.0357468,0.25726,216360,results/phase5/stability_rerun/raw/stability_strong_n1024_p4_216360.csv,0.012047491349480969,0.00987764705882353,6.184567474048443e-05
strong,1024,1048576,4,262144,BJ,0,4,3,577,9.65072e-09,5.59159,0.381273,0.0156386,4.63963,0.0379147,0.257006,216360,results/phase5/stability_rerun/raw/stability_strong_n1024_p4_216360.csv,0.009690797227036396,0.008040953206239168,6.57100519930676e-05
strong,1024,1048576,4,262144,AS1,1,4,3,553,9.99784e-09,6.63532,0.663447,0.00281861,5.41553,0.00788089,0.267924,216360,results/phase5/stability_rerun/raw/stability_strong_n1024_p4_216360.csv,0.01199877034358047,0.009793001808318266,1.425115732368897e-05
strong,1024,1048576,4,262144,AS2,2,4,3,578,9.9035e-09,6.97893,0.707539,0.0427135,5.70873,0.0194808,0.264126,216360,results/phase5/stability_rerun/raw/stability_strong_n1024_p4_216360.csv,0.012074273356401384,0.009876695501730103,3.37038062283737e-05
strong,1024,1048576,4,262144,BJ,0,4,4,577,9.65072e-09,5.57971,0.370325,0.00260968,4.64513,0.0092674,0.269854,216360,results/phase5/stability_rerun/raw/stability_strong_n1024_p4_216360.csv,0.009670207972270365,0.00805048526863085,1.6061351819757366e-05
strong,1024,1048576,4,262144,AS1,1,4,4,553,9.99784e-09,6.62496,0.658377,0.0281177,5.42602,0.0250302,0.248408,216360,results/phase5/stability_rerun/raw/stability_strong_n1024_p4_216360.csv,0.01198003616636528,0.009811971066907777,4.5262567811934896e-05
strong,1024,1048576,4,262144,AS2,2,4,4,578,9.9035e-09,6.96109,0.682367,0.00416501,5.69656,0.00802521,0.281334,216360,results/phase5/stability_rerun/raw/stability_strong_n1024_p4_216360.csv,0.01204340830449827,0.009855640138408304,1.3884446366782006e-05
strong,1024,1048576,4,262144,BJ,0,4,5,577,9.65072e-09,5.58463,0.375821,0.00354739,4.64477,0.00601215,0.272681,216360,results/phase5/stability_rerun/raw/stability_strong_n1024_p4_216360.csv,0.009678734835355286,0.008049861351819758,1.0419670710571924e-05
strong,1024,1048576,4,262144,AS1,1,4,5,553,9.99784e-09,6.62762,0.659996,0.00282367,5.41209,0.0117292,0.263938,216360,results/phase5/stability_rerun/raw/stability_strong_n1024_p4_216360.csv,0.011984846292947559,0.009786781193490055,2.121012658227848e-05
strong,1024,1048576,4,262144,AS2,2,4,5,578,9.9035e-09,6.97489,0.690882,0.00298862,5.70306,0.00619013,0.281084,216360,results/phase5/stability_rerun/raw/stability_strong_n1024_p4_216360.csv,0.012067283737024223,0.009866885813148788,1.0709567474048443e-05
strong,1024,1048576,8,131072,BJ,0,4,1,579,8.96287e-09,2.81002,0.18062,0.00239225,2.34168,0.0102189,0.134277,216361,results/phase5/stability_rerun/raw/stability_strong_n1024_p8_216361.csv,0.004853229706390329,0.004044352331606218,1.764922279792746e-05
strong,1024,1048576,8,131072,AS1,1,4,1,538,9.82574e-09,3.17579,0.287754,0.00254844,2.61618,0.01209,0.124563,216361,results/phase5/stability_rerun/raw/stability_strong_n1024_p8_216361.csv,0.0059029553903345725,0.004862788104089219,2.2472118959107807e-05
strong,1024,1048576,8,131072,AS2,2,4,1,572,9.5219e-09,3.40742,0.299719,0.0120864,2.82472,0.0215277,0.119832,216361,results/phase5/stability_rerun/raw/stability_strong_n1024_p8_216361.csv,0.005957027972027972,0.004938321678321678,3.763583916083916e-05
strong,1024,1048576,8,131072,BJ,0,4,2,579,8.96287e-09,2.81187,0.178228,0.00295724,2.34171,0.0174036,0.131406,216361,results/phase5/stability_rerun/raw/stability_strong_n1024_p8_216361.csv,0.004856424870466321,0.00404440414507772,3.0058031088082906e-05
strong,1024,1048576,8,131072,AS1,1,4,2,538,9.82574e-09,3.16922,0.284132,0.00258924,2.61248,0.0136186,0.123687,216361,results/phase5/stability_rerun/raw/stability_strong_n1024_p8_216361.csv,0.005890743494423792,0.004855910780669145,2.5313382899628253e-05
strong,1024,1048576,8,131072,AS2,2,4,2,572,9.5219e-09,3.4076,0.302144,0.00262486,2.81094,0.0226332,0.128265,216361,results/phase5/stability_rerun/raw/stability_strong_n1024_p8_216361.csv,0.005957342657342657,0.004914230769230769,3.956853146853147e-05
strong,1024,1048576,8,131072,BJ,0,4,3,579,8.96287e-09,2.80831,0.178611,0.0023987,2.34152,0.0110653,0.133792,216361,results/phase5/stability_rerun/raw/stability_strong_n1024_p8_216361.csv,0.00485027633851468,0.004044075993091537,1.911105354058722e-05
strong,1024,1048576,8,131072,AS1,1,4,3,538,9.82574e-09,3.16527,0.28765,0.0166314,2.61636,0.0206204,0.109972,216361,results/phase5/stability_rerun/raw/stability_strong_n1024_p8_216361.csv,0.005883401486988848,0.004863122676579925,3.8327881040892193e-05
strong,1024,1048576,8,131072,AS2,2,4,3,572,9.5219e-09,3.40415,0.305217,0.0183157,2.82258,0.016731,0.12093,216361,results/phase5/stability_rerun/raw/stability_strong_n1024_p8_216361.csv,0.005951311188811189,0.004934580419580419,2.925e-05
strong,1024,1048576,8,131072,BJ,0,4,4,579,8.96287e-09,2.80906,0.177207,0.00289255,2.34217,0.0108996,0.135181,216361,results/phase5/stability_rerun/raw/stability_strong_n1024_p8_216361.csv,0.004851571675302245,0.004045198618307426,1.8824870466321244e-05
strong,1024,1048576,8,131072,AS1,1,4,4,538,9.82574e-09,3.17136,0.28522,0.00259183,2.60979,0.0208387,0.12037,216361,results/phase5/stability_rerun/raw/stability_strong_n1024_p8_216361.csv,0.005894721189591078,0.004850910780669145,3.8733643122676584e-05
strong,1024,1048576,8,131072,AS2,2,4,4,572,9.5219e-09,3.41311,0.307388,0.0174247,2.82358,0.0229084,0.120506,216361,results/phase5/stability_rerun/raw/stability_strong_n1024_p8_216361.csv,0.005966975524475525,0.004936328671328672,4.004965034965035e-05
strong,1024,1048576,8,131072,BJ,0,4,5,579,8.96287e-09,2.81472,0.17996,0.00578704,2.34004,0.0168216,0.135798,216361,results/phase5/stability_rerun/raw/stability_strong_n1024_p8_216361.csv,0.004861347150259068,0.0040415198618307425,2.905284974093264e-05
strong,1024,1048576,8,131072,AS1,1,4,5,538,9.82574e-09,3.16939,0.285673,0.00265237,2.60291,0.0195461,0.126119,216361,results/phase5/stability_rerun/raw/stability_strong_n1024_p8_216361.csv,0.005891059479553903,0.004838122676579926,3.6331040892193306e-05
strong,1024,1048576,8,131072,AS2,2,4,5,572,9.5219e-09,3.41147,0.300849,0.00267777,2.81829,0.0159006,0.133686,216361,results/phase5/stability_rerun/raw/stability_strong_n1024_p8_216361.csv,0.005964108391608392,0.00492708041958042,2.779825174825175e-05
strong,2048,4194304,128,32768,BJ,0,4,1,1233,8.66811e-09,2.36794,0.134741,0.0114206,1.74546,0.302356,0.083501,216367,results/phase5/stability_rerun/raw/stability_strong_n2048_p128_216367.csv,0.0019204703974047038,0.0014156204379562043,0.0002452197891321979
strong,2048,4194304,128,32768,AS1,1,4,1,1101,9.158e-09,2.36023,0.130311,0.0175658,1.91312,0.153327,0.0704633,216367,results/phase5/stability_rerun/raw/stability_strong_n2048_p128_216367.csv,0.0021437148047229793,0.001737620345140781,0.00013926158038147138
strong,2048,4194304,128,32768,AS2,2,4,1,1095,9.60991e-09,2.54914,0.124034,0.00802856,2.08076,0.178468,0.0748943,216367,results/phase5/stability_rerun/raw/stability_strong_n2048_p128_216367.csv,0.0023279817351598174,0.0019002374429223745,0.00016298447488584473
strong,2048,4194304,128,32768,BJ,0,4,2,1233,8.66811e-09,2.23384,0.136765,0.0107733,1.74711,0.164463,0.0833869,216367,results/phase5/stability_rerun/raw/stability_strong_n2048_p128_216367.csv,0.0018117112733171126,0.0014169586374695863,0.00013338442822384428
strong,2048,4194304,128,32768,AS1,1,4,2,1101,9.158e-09,2.34319,0.128436,0.0144388,1.91537,0.136112,0.0710103,216367,results/phase5/stability_rerun/raw/stability_strong_n2048_p128_216367.csv,0.002128237965485922,0.0017396639418710263,0.00012362579473206177
strong,2048,4194304,128,32768,AS2,2,4,2,1095,9.60991e-09,2.54796,0.119303,0.00993834,2.08152,0.182662,0.073712,216367,results/phase5/stability_rerun/raw/stability_strong_n2048_p128_216367.csv,0.002326904109589041,0.001900931506849315,0.00016681461187214612
strong,2048,4194304,128,32768,BJ,0,4,3,1233,8.66811e-09,2.22623,0.149018,0.0235371,1.75194,0.13957,0.0832493,216367,results/phase5/stability_rerun/raw/stability_strong_n2048_p128_216367.csv,0.0018055393349553934,0.0014208759124087593,0.00011319545823195458
strong,2048,4194304,128,32768,AS1,1,4,3,1101,9.158e-09,2.3472,0.143177,0.0208998,1.92129,0.114748,0.0750525,216367,results/phase5/stability_rerun/raw/stability_strong_n2048_p128_216367.csv,0.0021318801089918256,0.0017450408719346048,0.00010422161671207993
strong,2048,4194304,128,32768,AS2,2,4,3,1095,9.60991e-09,2.56296,0.129455,0.0148012,2.11575,0.154859,0.0706277,216367,results/phase5/stability_rerun/raw/stability_strong_n2048_p128_216367.csv,0.002340602739726027,0.0019321917808219175,0.00014142374429223744
strong,2048,4194304,128,32768,BJ,0,4,4,1233,8.66811e-09,2.22681,0.13774,0.0140623,1.74566,0.157797,0.0832591,216367,results/phase5/stability_rerun/raw/stability_strong_n2048_p128_216367.csv,0.0018060097323600974,0.0014157826439578265,0.00012797810218978102
strong,2048,4194304,128,32768,AS1,1,4,4,1101,9.158e-09,2.38252,0.119346,0.00833915,1.89479,0.200899,0.0753763,216367,results/phase5/stability_rerun/raw/stability_strong_n2048_p128_216367.csv,0.0021639600363306086,0.0017209718437783833,0.00018246957311534968
strong,2048,4194304,128,32768,AS2,2,4,4,1095,9.60991e-09,2.56641,0.132925,0.0212767,2.12482,0.141791,0.0754169,216367,results/phase5/stability_rerun/raw/stability_strong_n2048_p128_216367.csv,0.002343753424657534,0.001940474885844749,0.00012948949771689498
strong,2048,4194304,128,32768,BJ,0,4,5,1233,8.66811e-09,2.28209,0.145211,0.0204266,1.7467,0.205214,0.081112,216367,results/phase5/stability_rerun/raw/stability_strong_n2048_p128_216367.csv,0.001850843471208435,0.0014166261151662611,0.00016643471208434713
strong,2048,4194304,128,32768,AS1,1,4,5,1101,9.158e-09,2.35857,0.133719,0.0139355,1.91228,0.150928,0.0691556,216367,results/phase5/stability_rerun/raw/stability_strong_n2048_p128_216367.csv,0.002142207084468665,0.0017368574023614895,0.00013708265213442324
strong,2048,4194304,128,32768,AS2,2,4,5,1095,9.60991e-09,2.61367,0.122002,0.0106503,2.08382,0.241948,0.0746817,216367,results/phase5/stability_rerun/raw/stability_strong_n2048_p128_216367.csv,0.0023869132420091324,0.0019030319634703195,0.00022095707762557077
strong,2048,4194304,16,262144,BJ,0,4,1,1079,9.60647e-09,11.5628,1.12496,0.022151,8.91138,0.194428,0.756965,216365,results/phase5/stability_rerun/raw/stability_strong_n2048_p16_216365.csv,0.010716218721037998,0.008258924930491195,0.00018019277108433733
strong,2048,4194304,16,262144,AS1,1,4,1,1066,9.85554e-09,14.8795,1.62532,0.0131017,11.3862,0.147346,0.971676,216365,results/phase5/stability_rerun/raw/stability_strong_n2048_p16_216365.csv,0.013958255159474672,0.0106812382739212,0.00013822326454033772
strong,2048,4194304,16,262144,AS2,2,4,1,1036,8.97052e-09,14.6032,1.5831,0.0197309,11.2396,0.0894446,0.951624,216365,results/phase5/stability_rerun/raw/stability_strong_n2048_p16_216365.csv,0.014095752895752895,0.010849034749034748,8.633648648648648e-05
strong,2048,4194304,16,262144,BJ,0,4,2,1079,9.60647e-09,11.5427,1.15395,0.0591991,8.91416,0.126373,0.771495,216365,results/phase5/stability_rerun/raw/stability_strong_n2048_p16_216365.csv,0.010697590361445783,0.00826150139017609,0.00011712048192771085
strong,2048,4194304,16,262144,AS1,1,4,2,1066,9.85554e-09,14.8878,1.57592,0.0241526,11.4406,0.280403,0.897235,216365,results/phase5/stability_rerun/raw/stability_strong_n2048_p16_216365.csv,0.013966041275797373,0.010732270168855534,0.0002630422138836773
strong,2048,4194304,16,262144,AS2,2,4,2,1036,8.97052e-09,14.6277,1.5283,0.0508702,11.3015,0.240832,0.880644,216365,results/phase5/stability_rerun/raw/stability_strong_n2048_p16_216365.csv,0.014119401544401545,0.010908783783783784,0.00023246332046332046
strong,2048,4194304,16,262144,BJ,0,4,3,1079,9.60647e-09,11.5583,1.15329,0.041865,8.91179,0.14706,0.76775,216365,results/phase5/stability_rerun/raw/stability_strong_n2048_p16_216365.csv,0.010712048192771084,0.008259304911955515,0.00013629286376274329
strong,2048,4194304,16,262144,AS1,1,4,3,1066,9.85554e-09,14.9483,1.56748,0.0272253,11.3893,0.385706,0.911298,216365,results/phase5/stability_rerun/raw/stability_strong_n2048_p16_216365.csv,0.014022795497185742,0.010684146341463415,0.0003618255159474672
strong,2048,4194304,16,262144,AS2,2,4,3,1036,8.97052e-09,14.6585,1.58967,0.0136391,11.1626,0.225792,0.949932,216365,results/phase5/stability_rerun/raw/stability_strong_n2048_p16_216365.csv,0.014149131274131274,0.010774710424710425,0.00021794594594594594
strong,2048,4194304,16,262144,BJ,0,4,4,1079,9.60647e-09,11.5504,1.13982,0.0192572,8.91011,0.132523,0.785158,216365,results/phase5/stability_rerun/raw/stability_strong_n2048_p16_216365.csv,0.010704726598702502,0.008257747914735866,0.00012282020389249305
strong,2048,4194304,16,262144,AS1,1,4,4,1066,9.85554e-09,14.8559,1.63017,0.013643,11.3098,0.17892,0.98363,216365,results/phase5/stability_rerun/raw/stability_strong_n2048_p16_216365.csv,0.013936116322701688,0.010609568480300187,0.00016784240150093807
strong,2048,4194304,16,262144,AS2,2,4,4,1036,8.97052e-09,14.6254,1.55726,0.0246187,11.2085,0.305225,0.880006,216365,results/phase5/stability_rerun/raw/stability_strong_n2048_p16_216365.csv,0.014117181467181468,0.010819015444015445,0.0002946187258687259
strong,2048,4194304,16,262144,BJ,0,4,5,1079,9.60647e-09,11.5444,1.14284,0.0382218,8.91506,0.155928,0.755605,216365,results/phase5/stability_rerun/raw/stability_strong_n2048_p16_216365.csv,0.010699165894346618,0.008262335495829472,0.00014451158480074144
strong,2048,4194304,16,262144,AS1,1,4,5,1066,9.85554e-09,14.8766,1.63894,0.108237,11.3213,0.312562,0.90779,216365,results/phase5/stability_rerun/raw/stability_strong_n2048_p16_216365.csv,0.013955534709193246,0.010620356472795498,0.00029321013133208254
strong,2048,4194304,16,262144,AS2,2,4,5,1036,8.97052e-09,14.679,1.59103,0.0198184,11.2816,0.128189,0.940843,216365,results/phase5/stability_rerun/raw/stability_strong_n2048_p16_216365.csv,0.01416891891891892,0.01088957528957529,0.000123734555984556
strong,2048,4194304,4,1048576,BJ,0,4,1,1146,9.85032e-09,48.7447,5.00806,0.0519571,37.7544,0.593574,2.93358,216363,results/phase5/stability_rerun/raw/stability_strong_n2048_p4_216363.csv,0.0425346422338569,0.03294450261780105,0.0005179528795811519
strong,2048,4194304,4,1048576,AS1,1,4,1,1069,8.42689e-09,54.0448,5.0053,0.298862,42.1614,0.482068,3.34008,216363,results/phase5/stability_rerun/raw/stability_strong_n2048_p4_216363.csv,0.05055640785781104,0.039440037418147805,0.00045095229186155284
strong,2048,4194304,4,1048576,AS2,2,4,1,1115,9.20774e-09,56.5835,5.22606,0.300681,44.2774,0.559817,3.39459,216363,results/phase5/stability_rerun/raw/stability_strong_n2048_p4_216363.csv,0.050747533632287,0.03971067264573991,0.0005020780269058297
strong,2048,4194304,4,1048576,BJ,0,4,2,1146,9.85032e-09,48.7751,5.13246,0.189271,37.7334,0.539528,2.89295,216363,results/phase5/stability_rerun/raw/stability_strong_n2048_p4_216363.csv,0.042561169284467716,0.03292617801047121,0.00047079232111692845
strong,2048,4194304,4,1048576,AS1,1,4,2,1069,8.42689e-09,53.8709,5.01137,0.137682,42.1126,0.336886,3.31957,216363,results/phase5/stability_rerun/raw/stability_strong_n2048_p4_216363.csv,0.050393732460243215,0.03939438727782975,0.00031514125350795135
strong,2048,4194304,4,1048576,AS2,2,4,2,1115,9.20774e-09,56.5963,5.12706,0.221646,44.0098,1.21919,3.27054,216363,results/phase5/stability_rerun/raw/stability_strong_n2048_p4_216363.csv,0.050759013452914795,0.03947067264573991,0.0010934439461883407
strong,2048,4194304,4,1048576,BJ,0,4,3,1146,9.85032e-09,48.7667,5.14096,0.215382,37.7435,0.554762,2.85506,216363,results/phase5/stability_rerun/raw/stability_strong_n2048_p4_216363.csv,0.042553839441535776,0.03293499127399651,0.0004840855148342059
strong,2048,4194304,4,1048576,AS1,1,4,3,1069,8.42689e-09,54.1694,4.96807,0.0175338,42.2891,0.0167935,3.50372,216363,results/phase5/stability_rerun/raw/stability_strong_n2048_p4_216363.csv,0.05067296538821329,0.03955949485500467,1.570954162768943e-05
strong,2048,4194304,4,1048576,AS2,2,4,3,1115,9.20774e-09,56.4993,5.16266,0.0135602,44.2319,0.0262723,3.62564,216363,results/phase5/stability_rerun/raw/stability_strong_n2048_p4_216363.csv,0.05067201793721973,0.03966986547085202,2.3562600896860985e-05
strong,2048,4194304,4,1048576,BJ,0,4,4,1146,9.85032e-09,48.7699,4.92367,0.0235941,37.7856,0.0195546,3.2672,216363,results/phase5/stability_rerun/raw/stability_strong_n2048_p4_216363.csv,0.0425566317626527,0.0329717277486911,1.7063350785340312e-05
strong,2048,4194304,4,1048576,AS1,1,4,4,1069,8.42689e-09,54.1575,4.87412,0.0367091,42.2041,0.362577,3.49429,216363,results/phase5/stability_rerun/raw/stability_strong_n2048_p4_216363.csv,0.05066183348924228,0.03947998129092609,0.00033917399438727783
strong,2048,4194304,4,1048576,AS2,2,4,4,1115,9.20774e-09,56.6661,5.20782,0.318582,44.1462,0.79773,3.41705,216363,results/phase5/stability_rerun/raw/stability_strong_n2048_p4_216363.csv,0.050821614349775786,0.03959300448430493,0.0007154529147982064
strong,2048,4194304,4,1048576,BJ,0,4,5,1146,9.85032e-09,48.666,5.11816,0.273763,37.6336,0.391475,3.01707,216363,results/phase5/stability_rerun/raw/stability_strong_n2048_p4_216363.csv,0.04246596858638743,0.032839092495637,0.00034160122164048865
strong,2048,4194304,4,1048576,AS1,1,4,5,1069,8.42689e-09,53.9802,5.0921,0.375161,42.2033,0.397373,3.26998,216363,results/phase5/stability_rerun/raw/stability_strong_n2048_p4_216363.csv,0.05049597754911132,0.039479232927970065,0.00037172404115996257
strong,2048,4194304,4,1048576,AS2,2,4,5,1115,9.20774e-09,56.7545,5.29873,0.390968,44.0121,0.992469,3.38415,216363,results/phase5/stability_rerun/raw/stability_strong_n2048_p4_216363.csv,0.05090089686098655,0.039472735426008966,0.0008901067264573991
strong,2048,4194304,64,65536,BJ,0,4,1,1147,8.75946e-09,4.68222,0.293834,0.0335231,3.22894,0.813867,0.154512,216366,results/phase5/stability_rerun/raw/stability_strong_n2048_p64_216366.csv,0.004082144725370532,0.0028151176983435048,0.000709561464690497
strong,2048,4194304,64,65536,AS1,1,4,1,1083,9.25241e-09,5.64236,0.580403,0.0222617,4.486,0.198347,0.194306,216366,results/phase5/stability_rerun/raw/stability_strong_n2048_p64_216366.csv,0.005209935364727609,0.004142197599261311,0.00018314589104339796
strong,2048,4194304,64,65536,AS2,2,4,1,1103,9.39658e-09,6.08029,0.620063,0.017924,4.89697,0.159553,0.217083,216366,results/phase5/stability_rerun/raw/stability_strong_n2048_p64_216366.csv,0.005512502266545784,0.004439682683590208,0.00014465367180417044
strong,2048,4194304,64,65536,BJ,0,4,2,1147,8.75946e-09,4.0617,0.271946,0.0175545,3.20439,0.23955,0.155171,216366,results/phase5/stability_rerun/raw/stability_strong_n2048_p64_216366.csv,0.0035411508282476027,0.0027937140366172627,0.00020884917175239756
strong,2048,4194304,64,65536,AS1,1,4,2,1083,9.25241e-09,5.64055,0.594809,0.00919146,4.10425,0.550123,0.206734,216366,results/phase5/stability_rerun/raw/stability_strong_n2048_p64_216366.csv,0.005208264081255771,0.0037897045244690676,0.0005079621421975993
strong,2048,4194304,64,65536,AS2,2,4,2,1103,9.39658e-09,6.11209,0.600222,0.0317544,4.82711,0.282972,0.214945,216366,results/phase5/stability_rerun/raw/stability_strong_n2048_p64_216366.csv,0.005541332728921124,0.00437634632819583,0.00025654759746146874
strong,2048,4194304,64,65536,BJ,0,4,3,1147,8.75946e-09,4.04742,0.270789,0.012213,3.21294,0.208247,0.167113,216366,results/phase5/stability_rerun/raw/stability_strong_n2048_p64_216366.csv,0.0035287009590235395,0.002801168265039233,0.00018155797733217086
strong,2048,4194304,64,65536,AS1,1,4,3,1083,9.25241e-09,5.60782,0.594314,0.00984121,4.05183,0.567316,0.209586,216366,results/phase5/stability_rerun/raw/stability_strong_n2048_p64_216366.csv,0.005178042474607572,0.0037413019390581718,0.0005238374884579871
strong,2048,4194304,64,65536,AS2,2,4,3,1103,9.39658e-09,6.18859,0.599755,0.0384414,4.93407,0.254829,0.213208,216366,results/phase5/stability_rerun/raw/stability_strong_n2048_p64_216366.csv,0.005610689029918404,0.004473318223028105,0.00023103263825929285
strong,2048,4194304,64,65536,BJ,0,4,4,1147,8.75946e-09,4.03825,0.28324,0.0182471,3.20162,0.207919,0.154848,216366,results/phase5/stability_rerun/raw/stability_strong_n2048_p64_216366.csv,0.0035207061900610283,0.0027912990409764606,0.0001812720139494333
strong,2048,4194304,64,65536,AS1,1,4,4,1083,9.25241e-09,5.62195,0.586113,0.0202843,4.52115,0.135903,0.195139,216366,results/phase5/stability_rerun/raw/stability_strong_n2048_p64_216366.csv,0.005191089566020314,0.004174653739612188,0.00012548753462603878
strong,2048,4194304,64,65536,AS2,2,4,4,1103,9.39658e-09,6.08437,0.609971,0.0390912,4.92628,0.149764,0.21063,216366,results/phase5/stability_rerun/raw/stability_strong_n2048_p64_216366.csv,0.005516201269265639,0.004466255666364461,0.00013577878513145966
strong,2048,4194304,64,65536,BJ,0,4,5,1147,8.75946e-09,4.04243,0.28011,0.0262424,3.19264,0.225028,0.154403,216366,results/phase5/stability_rerun/raw/stability_strong_n2048_p64_216366.csv,0.00352435047951177,0.0027834699215344375,0.00019618831734960766
strong,2048,4194304,64,65536,AS1,1,4,5,1083,9.25241e-09,5.62147,0.586228,0.0289897,4.4841,0.17284,0.194615,216366,results/phase5/stability_rerun/raw/stability_strong_n2048_p64_216366.csv,0.005190646352723915,0.0041404432132963985,0.00015959372114496766
strong,2048,4194304,64,65536,AS2,2,4,5,1103,9.39658e-09,6.08416,0.620716,0.0357966,4.94629,0.113893,0.215507,216366,results/phase5/stability_rerun/raw/stability_strong_n2048_p64_216366.csv,0.0055160108794197645,0.004484397098821397,0.00010325747960108793
strong,2048,4194304,8,524288,BJ,0,4,1,1110,8.89002e-09,23.7059,2.26286,0.0143823,18.3126,0.238482,1.56915,216364,results/phase5/stability_rerun/raw/stability_strong_n2048_p8_216364.csv,0.021356666666666666,0.01649783783783784,0.00021484864864864864
strong,2048,4194304,8,524288,AS1,1,4,1,1066,9.93073e-09,28.0468,2.8048,0.0190596,21.6579,0.152055,1.81238,216364,results/phase5/stability_rerun/raw/stability_strong_n2048_p8_216364.csv,0.02631031894934334,0.020316979362101313,0.000142640712945591
strong,2048,4194304,8,524288,AS2,2,4,1,1106,9.51073e-09,29.233,2.91665,0.0124717,22.6579,0.0466138,1.89894,216364,results/phase5/stability_rerun/raw/stability_strong_n2048_p8_216364.csv,0.02643128390596745,0.02048634719710669,4.214629294755877e-05
strong,2048,4194304,8,524288,BJ,0,4,2,1110,8.89002e-09,23.7291,2.35972,0.0213789,18.3051,0.416185,1.46305,216364,results/phase5/stability_rerun/raw/stability_strong_n2048_p8_216364.csv,0.021377567567567566,0.01649108108108108,0.00037494144144144145
strong,2048,4194304,8,524288,AS1,1,4,2,1066,9.93073e-09,28.0071,2.68853,0.0316612,21.6316,0.478342,1.70985,216364,results/phase5/stability_rerun/raw/stability_strong_n2048_p8_216364.csv,0.026273076923076923,0.020292307692307693,0.0004487260787992495
strong,2048,4194304,8,524288,AS2,2,4,2,1106,9.51073e-09,29.208,2.94192,0.0136216,22.7036,0.044185,1.8668,216364,results/phase5/stability_rerun/raw/stability_strong_n2048_p8_216364.csv,0.026408679927667267,0.02052766726943942,3.9950271247739603e-05
strong,2048,4194304,8,524288,BJ,0,4,3,1110,8.89002e-09,23.711,2.38597,0.0339871,18.2766,0.377653,1.47345,216364,results/phase5/stability_rerun/raw/stability_strong_n2048_p8_216364.csv,0.02136126126126126,0.016465405405405403,0.00034022792792792793
strong,2048,4194304,8,524288,AS1,1,4,3,1066,9.93073e-09,28.022,2.65717,0.0476104,21.6649,0.503126,1.70987,216364,results/phase5/stability_rerun/raw/stability_strong_n2048_p8_216364.csv,0.02628705440900563,0.020323545966228894,0.0004719756097560975
strong,2048,4194304,8,524288,AS2,2,4,3,1106,9.51073e-09,29.2862,2.85299,0.0369968,22.6555,0.301578,1.85791,216364,results/phase5/stability_rerun/raw/stability_strong_n2048_p8_216364.csv,0.026479385171790236,0.020484177215189872,0.0002726745027124774
strong,2048,4194304,8,524288,BJ,0,4,4,1110,8.89002e-09,23.7453,2.37892,0.0193472,18.3415,0.359329,1.47656,216364,results/phase5/stability_rerun/raw/stability_strong_n2048_p8_216364.csv,0.02139216216216216,0.016523873873873874,0.0003237198198198198
strong,2048,4194304,8,524288,AS1,1,4,4,1066,9.93073e-09,27.9893,2.78561,0.0304709,21.6569,0.0842538,1.82384,216364,results/phase5/stability_rerun/raw/stability_strong_n2048_p8_216364.csv,0.026256378986866794,0.020316041275797374,7.903733583489682e-05
strong,2048,4194304,8,524288,AS2,2,4,4,1106,9.51073e-09,29.2106,2.92831,0.0240169,22.639,0.140105,1.87772,216364,results/phase5/stability_rerun/raw/stability_strong_n2048_p8_216364.csv,0.026411030741410487,0.020469258589511753,0.00012667721518987341
strong,2048,4194304,8,524288,BJ,0,4,5,1110,8.89002e-09,23.5895,2.39846,0.0171453,18.2901,0.102178,1.54491,216364,results/phase5/stability_rerun/raw/stability_strong_n2048_p8_216364.csv,0.021251801801801803,0.016477567567567568,9.205225225225225e-05
strong,2048,4194304,8,524288,AS1,1,4,5,1066,9.93073e-09,28.0063,2.83177,0.0311093,21.7407,0.0836322,1.75945,216364,results/phase5/stability_rerun/raw/stability_strong_n2048_p8_216364.csv,0.02627232645403377,0.020394652908067544,7.845422138836774e-05
strong,2048,4194304,8,524288,AS2,2,4,5,1106,9.51073e-09,29.2425,2.95352,0.0130289,22.6832,0.130118,1.87627,216364,results/phase5/stability_rerun/raw/stability_strong_n2048_p8_216364.csv,0.02643987341772152,0.020509222423146473,0.00011764737793851719
strong,512,262144,16,16384,BJ,0,4,1,309,9.99903e-09,0.193017,0.0134031,0.00209377,0.154926,0.00782877,0.00753416,216358,results/phase5/stability_rerun/raw/stability_strong_n512_p16_216358.csv,0.0006246504854368932,0.0005013786407766991,2.5335825242718447e-05
strong,512,262144,16,16384,AS1,1,4,1,291,8.90873e-09,0.201775,0.0116766,0.00115633,0.165215,0.00894625,0.00718867,216358,results/phase5/stability_rerun/raw/stability_strong_n512_p16_216358.csv,0.000693384879725086,0.0005677491408934708,3.074312714776632e-05
strong,512,262144,16,16384,AS2,2,4,1,289,8.49987e-09,0.21105,0.0119692,0.000880048,0.175068,0.00816982,0.00712517,216358,results/phase5/stability_rerun/raw/stability_strong_n512_p16_216358.csv,0.0007302768166089965,0.0006057716262975779,2.826927335640138e-05
strong,512,262144,16,16384,BJ,0,4,2,309,9.99903e-09,0.191842,0.0130004,0.00121117,0.155039,0.00689001,0.00758945,216358,results/phase5/stability_rerun/raw/stability_strong_n512_p16_216358.csv,0.0006208478964401295,0.0005017443365695793,2.2297766990291263e-05
strong,512,262144,16,16384,AS1,1,4,2,291,8.90873e-09,0.201183,0.0117795,0.000964749,0.165489,0.00800057,0.00718134,216358,results/phase5/stability_rerun/raw/stability_strong_n512_p16_216358.csv,0.0006913505154639175,0.0005686907216494845,2.7493367697594502e-05
strong,512,262144,16,16384,AS2,2,4,2,289,8.49987e-09,0.210475,0.0118941,0.00114329,0.17683,0.00631999,0.0066401,216358,results/phase5/stability_rerun/raw/stability_strong_n512_p16_216358.csv,0.0007282871972318339,0.0006118685121107266,2.1868477508650518e-05
strong,512,262144,16,16384,BJ,0,4,3,309,9.99903e-09,0.190964,0.0130679,0.00182063,0.155157,0.0058014,0.00763756,216358,results/phase5/stability_rerun/raw/stability_strong_n512_p16_216358.csv,0.0006180064724919094,0.000502126213592233,1.8774757281553397e-05
strong,512,262144,16,16384,AS1,1,4,3,291,8.90873e-09,0.201497,0.0114357,0.000917014,0.165182,0.00910976,0.00704682,216358,results/phase5/stability_rerun/raw/stability_strong_n512_p16_216358.csv,0.0006924295532646049,0.0005676357388316151,3.130501718213058e-05
strong,512,262144,16,16384,AS2,2,4,3,289,8.49987e-09,0.210766,0.0142598,0.00193376,0.177917,0.00273728,0.00689395,216358,results/phase5/stability_rerun/raw/stability_strong_n512_p16_216358.csv,0.0007292941176470589,0.0006156297577854671,9.471557093425605e-06
strong,512,262144,16,16384,BJ,0,4,4,309,9.99903e-09,0.192984,0.0131681,0.00180665,0.155021,0.00764503,0.00782138,216358,results/phase5/stability_rerun/raw/stability_strong_n512_p16_216358.csv,0.0006245436893203883,0.0005016860841423948,2.4741197411003237e-05
strong,512,262144,16,16384,AS1,1,4,4,291,8.90873e-09,0.201611,0.0129852,0.00199141,0.166487,0.00679385,0.00663679,216358,results/phase5/stability_rerun/raw/stability_strong_n512_p16_216358.csv,0.0006928213058419244,0.0005721202749140893,2.334656357388316e-05
strong,512,262144,16,16384,AS2,2,4,4,289,8.49987e-09,0.211186,0.0124307,0.00160921,0.175184,0.00766606,0.00717455,216358,results/phase5/stability_rerun/raw/stability_strong_n512_p16_216358.csv,0.0007307474048442907,0.0006061730103806229,2.6526159169550173e-05
strong,512,262144,16,16384,BJ,0,4,5,309,9.99903e-09,0.190944,0.0127429,0.00136679,0.155013,0.00637576,0.00749944,216358,results/phase5/stability_rerun/raw/stability_strong_n512_p16_216358.csv,0.0006179417475728155,0.0005016601941747573,2.0633527508090615e-05
strong,512,262144,16,16384,AS1,1,4,5,291,8.90873e-09,0.201245,0.0131646,0.00173709,0.167066,0.00565647,0.00665337,216358,results/phase5/stability_rerun/raw/stability_strong_n512_p16_216358.csv,0.0006915635738831616,0.0005741099656357389,1.9438041237113404e-05
strong,512,262144,16,16384,AS2,2,4,5,289,8.49987e-09,0.209909,0.0115157,0.000935741,0.175231,0.00732216,0.00711857,216358,results/phase5/stability_rerun/raw/stability_strong_n512_p16_216358.csv,0.0007263287197231834,0.0006063356401384083,2.5336193771626297e-05
strong,512,262144,32,8192,BJ,0,4,1,324,9.77187e-09,0.108216,0.00825441,0.00218186,0.0819502,0.008854,0.00427258,216359,results/phase5/stability_rerun/raw/stability_strong_n512_p32_216359.csv,0.00033400000000000004,0.0002529327160493827,2.7327160493827163e-05
strong,512,262144,32,8192,AS1,1,4,1,295,7.55314e-09,0.115572,0.00757975,0.00203619,0.0935779,0.00628306,0.00350515,216359,results/phase5/stability_rerun/raw/stability_strong_n512_p32_216359.csv,0.0003917694915254237,0.00031721322033898306,2.129850847457627e-05
strong,512,262144,32,8192,AS2,2,4,1,294,8.03923e-09,0.173268,0.00671402,0.00117322,0.101236,0.0568783,0.00396283,216359,results/phase5/stability_rerun/raw/stability_strong_n512_p32_216359.csv,0.0005893469387755103,0.0003443401360544218,0.00019346360544217686
strong,512,262144,32,8192,BJ,0,4,2,324,9.77187e-09,0.110461,0.00873677,0.00254997,0.0827313,0.0101255,0.00383407,216359,results/phase5/stability_rerun/raw/stability_strong_n512_p32_216359.csv,0.000340929012345679,0.0002553435185185185,3.1251543209876544e-05
strong,512,262144,32,8192,AS1,1,4,2,295,7.55314e-09,0.116274,0.00705928,0.00156181,0.0918651,0.00932566,0.00344686,216359,results/phase5/stability_rerun/raw/stability_strong_n512_p32_216359.csv,0.0003941491525423729,0.0003114071186440678,3.1612406779661016e-05
strong,512,262144,32,8192,AS2,2,4,2,294,8.03923e-09,0.126804,0.00737343,0.0018118,0.103532,0.00780809,0.00351301,216359,results/phase5/stability_rerun/raw/stability_strong_n512_p32_216359.csv,0.00043130612244897957,0.00035214965986394555,2.655812925170068e-05
strong,512,262144,32,8192,BJ,0,4,3,324,9.77187e-09,0.108397,0.00848102,0.00220506,0.0819832,0.00876423,0.00427304,216359,results/phase5/stability_rerun/raw/stability_strong_n512_p32_216359.csv,0.0003345586419753086,0.0002530345679012346,2.705009259259259e-05
strong,512,262144,32,8192,AS1,1,4,3,295,7.55314e-09,0.115594,0.00883888,0.00153911,0.0928359,0.00600543,0.00347003,216359,results/phase5/stability_rerun/raw/stability_strong_n512_p32_216359.csv,0.0003918440677966102,0.0003146979661016949,2.0357389830508475e-05
strong,512,262144,32,8192,AS2,2,4,3,294,8.03923e-09,0.12614,0.00679996,0.00112376,0.100769,0.0102732,0.0038504,216359,results/phase5/stability_rerun/raw/stability_strong_n512_p32_216359.csv,0.00042904761904761905,0.0003427517006802721,3.4942857142857144e-05
strong,512,262144,32,8192,BJ,0,4,4,324,9.77187e-09,0.10946,0.0102339,0.00412414,0.0819998,0.00836497,0.0038339,216359,results/phase5/stability_rerun/raw/stability_strong_n512_p32_216359.csv,0.0003378395061728395,0.0002530858024691358,2.5817808641975307e-05
strong,512,262144,32,8192,AS1,1,4,4,295,7.55314e-09,0.115128,0.00670888,0.00115883,0.091328,0.0087221,0.00388248,216359,results/phase5/stability_rerun/raw/stability_strong_n512_p32_216359.csv,0.000390264406779661,0.0003095864406779661,2.95664406779661e-05
strong,512,262144,32,8192,AS2,2,4,4,294,8.03923e-09,0.126804,0.00659592,0.00108595,0.101391,0.0104303,0.00390911,216359,results/phase5/stability_rerun/raw/stability_strong_n512_p32_216359.csv,0.00043130612244897957,0.0003448673469387755,3.547721088435374e-05
strong,512,262144,32,8192,BJ,0,4,5,324,9.77187e-09,0.108924,0.00835906,0.00225161,0.0820313,0.00856212,0.00506101,216359,results/phase5/stability_rerun/raw/stability_strong_n512_p32_216359.csv,0.0003361851851851852,0.00025318302469135804,2.6426296296296296e-05
strong,512,262144,32,8192,AS1,1,4,5,295,7.55314e-09,0.116365,0.00691555,0.00131538,0.091422,0.00956824,0.00395911,216359,results/phase5/stability_rerun/raw/stability_strong_n512_p32_216359.csv,0.00039445762711864404,0.00030990508474576273,3.243471186440678e-05
strong,512,262144,32,8192,AS2,2,4,5,294,8.03923e-09,0.127198,0.00675745,0.00122843,0.101681,0.00966923,0.00460429,216359,results/phase5/stability_rerun/raw/stability_strong_n512_p32_216359.csv,0.0004326462585034014,0.00034585374149659863,3.2888537414965984e-05
strong,512,262144,4,65536,BJ,0,4,1,299,9.16747e-09,0.713299,0.0445528,0.00115999,0.597416,0.00403019,0.0310106,216356,results/phase5/stability_rerun/raw/stability_strong_n512_p4_216356.csv,0.0023856153846153845,0.0019980468227424747,1.3478896321070235e-05
strong,512,262144,4,65536,AS1,1,4,1,288,8.47553e-09,0.808537,0.0727686,0.00113528,0.665621,0.00427927,0.0302619,216356,results/phase5/stability_rerun/raw/stability_strong_n512_p4_216356.csv,0.002807420138888889,0.002311184027777778,1.4858576388888889e-05
strong,512,262144,4,65536,AS2,2,4,1,292,8.75927e-09,0.829684,0.0715748,0.00108057,0.684962,0.00658235,0.0304843,216356,results/phase5/stability_rerun/raw/stability_strong_n512_p4_216356.csv,0.0028413835616438354,0.0023457602739726025,2.2542294520547946e-05
strong,512,262144,4,65536,BJ,0,4,2,299,9.16747e-09,0.715153,0.0492671,0.00310148,0.595952,0.00448673,0.0290022,216356,results/phase5/stability_rerun/raw/stability_strong_n512_p4_216356.csv,0.0023918160535117057,0.001993150501672241,1.5005785953177258e-05
strong,512,262144,4,65536,AS1,1,4,2,288,8.47553e-09,0.806405,0.0712208,0.00329497,0.666097,0.00632862,0.027618,216356,results/phase5/stability_rerun/raw/stability_strong_n512_p4_216356.csv,0.002800017361111111,0.002312836805555556,2.1974375e-05
strong,512,262144,4,65536,AS2,2,4,2,292,8.75927e-09,0.829965,0.0753232,0.00690228,0.687104,0.00417156,0.0278683,216356,results/phase5/stability_rerun/raw/stability_strong_n512_p4_216356.csv,0.0028423458904109585,0.002353095890410959,1.4286164383561645e-05
strong,512,262144,4,65536,BJ,0,4,3,299,9.16747e-09,0.714694,0.0460865,0.00101619,0.597345,0.00377024,0.0312438,216356,results/phase5/stability_rerun/raw/stability_strong_n512_p4_216356.csv,0.0023902809364548497,0.001997809364548495,1.2609498327759197e-05
strong,512,262144,4,65536,AS1,1,4,3,288,8.47553e-09,0.806652,0.0716697,0.00112621,0.66558,0.00422026,0.0294861,216356,results/phase5/stability_rerun/raw/stability_strong_n512_p4_216356.csv,0.002800875,0.0023110416666666665,1.4653680555555556e-05
strong,512,262144,4,65536,AS2,2,4,3,292,8.75927e-09,0.828656,0.0708233,0.001946,0.687466,0.00472607,0.029635,216356,results/phase5/stability_rerun/raw/stability_strong_n512_p4_216356.csv,0.00283786301369863,0.002354335616438356,1.6185171232876712e-05
strong,512,262144,4,65536,BJ,0,4,4,299,9.16747e-09,0.714288,0.0459208,0.00100653,0.59738,0.00347123,0.0312524,216356,results/phase5/stability_rerun/raw/stability_strong_n512_p4_216356.csv,0.002388923076923077,0.0019979264214046825,1.1609464882943144e-05
strong,512,262144,4,65536,AS1,1,4,4,288,8.47553e-09,0.807393,0.0717653,0.00249028,0.665687,0.00343845,0.0309212,216356,results/phase5/stability_rerun/raw/stability_strong_n512_p4_216356.csv,0.0028034479166666668,0.0023114131944444445,1.19390625e-05
strong,512,262144,4,65536,AS2,2,4,4,292,8.75927e-09,0.829396,0.070089,0.00115526,0.686022,0.00696129,0.0301539,216356,results/phase5/stability_rerun/raw/stability_strong_n512_p4_216356.csv,0.0028403972602739727,0.0023493904109589043,2.384003424657534e-05
strong,512,262144,4,65536,BJ,0,4,5,299,9.16747e-09,0.714647,0.0455528,0.00108543,0.5979,0.00412096,0.0307853,216356,results/phase5/stability_rerun/raw/stability_strong_n512_p4_216356.csv,0.002390123745819398,0.001999665551839465,1.3782474916387959e-05
strong,512,262144,4,65536,AS1,1,4,5,288,8.47553e-09,0.806412,0.071546,0.0011201,0.665736,0.0032556,0.0300369,216356,results/phase5/stability_rerun/raw/stability_strong_n512_p4_216356.csv,0.002800041666666667,0.0023115833333333335,1.1304166666666666e-05
strong,512,262144,4,65536,AS2,2,4,5,292,8.75927e-09,0.827149,0.0702343,0.00287736,0.686204,0.00699141,0.028104,216356,results/phase5/stability_rerun/raw/stability_strong_n512_p4_216356.csv,0.002832702054794521,0.002350013698630137,2.394318493150685e-05
strong,512,262144,8,32768,BJ,0,4,1,289,9.81919e-09,0.34923,0.0218627,0.00119272,0.289115,0.00670784,0.0140598,216357,results/phase5/stability_rerun/raw/stability_strong_n512_p8_216357.csv,0.00120840830449827,0.0010003979238754326,2.3210519031141867e-05
strong,512,262144,8,32768,AS1,1,4,1,281,9.59095e-09,0.370076,0.0211722,0.000913544,0.309567,0.0084629,0.0138091,216357,results/phase5/stability_rerun/raw/stability_strong_n512_p8_216357.csv,0.0013169964412811388,0.001101661921708185,3.011708185053381e-05
strong,512,262144,8,32768,AS2,2,4,1,281,9.7634e-09,0.381064,0.0231503,0.0016193,0.322514,0.00517296,0.0131277,216357,results/phase5/stability_rerun/raw/stability_strong_n512_p8_216357.csv,0.0013560996441281138,0.0011477366548042706,1.8409110320284696e-05
strong,512,262144,8,32768,BJ,0,4,2,289,9.81919e-09,0.347748,0.0223409,0.00134507,0.288994,0.00458795,0.0143749,216357,results/phase5/stability_rerun/raw/stability_strong_n512_p8_216357.csv,0.001203280276816609,0.0009999792387543251,1.5875259515570935e-05
strong,512,262144,8,32768,AS1,1,4,2,281,9.59095e-09,0.37018,0.0224182,0.00132996,0.310503,0.00702866,0.0132596,216357,results/phase5/stability_rerun/raw/stability_strong_n512_p8_216357.csv,0.0013173665480427047,0.0011049928825622776,2.5013024911032027e-05
strong,512,262144,8,32768,AS2,2,4,2,281,9.7634e-09,0.380939,0.0224574,0.00173878,0.320649,0.00720692,0.0136273,216357,results/phase5/stability_rerun/raw/stability_strong_n512_p8_216357.csv,0.0013556548042704627,0.001141099644128114,2.5647402135231317e-05
strong,512,262144,8,32768,BJ,0,4,3,289,9.81919e-09,0.34844,0.0231798,0.00207721,0.288616,0.00577359,0.0134245,216357,results/phase5/stability_rerun/raw/stability_strong_n512_p8_216357.csv,0.001205674740484429,0.0009986712802768165,1.9977820069204152e-05
strong,512,262144,8,32768,AS1,1,4,3,281,9.59095e-09,0.371754,0.0226661,0.00140347,0.308947,0.0102127,0.012941,216357,results/phase5/stability_rerun/raw/stability_strong_n512_p8_216357.csv,0.001322967971530249,0.0010994555160142349,3.6344128113879006e-05
strong,512,262144,8,32768,AS2,2,4,3,281,9.7634e-09,0.382797,0.0234158,0.00292969,0.322786,0.00644686,0.0131059,216357,results/phase5/stability_rerun/raw/stability_strong_n512_p8_216357.csv,0.0013622669039145907,0.0011487046263345196,2.2942562277580068e-05
strong,512,262144,8,32768,BJ,0,4,4,289,9.81919e-09,0.348728,0.0223608,0.00115523,0.28909,0.00571946,0.0141303,216357,results/phase5/stability_rerun/raw/stability_strong_n512_p8_216357.csv,0.0012066712802768166,0.0010003114186851211,1.979051903114187e-05
strong,512,262144,8,32768,AS1,1,4,4,281,9.59095e-09,0.372601,0.0222613,0.00121741,0.309171,0.0102362,0.0138549,216357,results/phase5/stability_rerun/raw/stability_strong_n512_p8_216357.csv,0.001325982206405694,0.0011002526690391458,3.6427758007117444e-05
strong,512,262144,8,32768,AS2,2,4,4,281,9.7634e-09,0.380884,0.0224699,0.00205726,0.322618,0.00561791,0.0131377,216357,results/phase5/stability_rerun/raw/stability_strong_n512_p8_216357.csv,0.001355459074733096,0.0011481067615658363,1.999256227758007e-05
strong,512,262144,8,32768,BJ,0,4,5,289,9.81919e-09,0.349595,0.022216,0.00097059,0.28927,0.00618352,0.0144595,216357,results/phase5/stability_rerun/raw/stability_strong_n512_p8_216357.csv,0.0012096712802768166,0.0010009342560553633,2.1396262975778547e-05
strong,512,262144,8,32768,AS1,1,4,5,281,9.59095e-09,0.373381,0.0253108,0.00474037,0.309223,0.00766575,0.0141089,216357,results/phase5/stability_rerun/raw/stability_strong_n512_p8_216357.csv,0.0013287580071174377,0.001100437722419929,2.7280249110320282e-05
strong,512,262144,8,32768,AS2,2,4,5,281,9.7634e-09,0.381243,0.0214332,0.000795205,0.318801,0.0099295,0.0140425,216357,results/phase5/stability_rerun/raw/stability_strong_n512_p8_216357.csv,0.0013567366548042704,0.0011345231316725979,3.533629893238435e-05
weak,1024,1048576,16,65536,BJ,0,4,1,571,9.18973e-09,1.39025,0.0887476,0.00522908,1.15461,0.0208393,0.0572817,216370,results/phase5/stability_rerun/raw/stability_weak_n1024_p16_216370.csv,0.0024347635726795097,0.0020220840630472852,3.649614711033275e-05
weak,1024,1048576,16,65536,AS1,1,4,1,556,9.88594e-09,1.64597,0.138191,0.00507336,1.36375,0.0195935,0.0562537,216370,results/phase5/stability_rerun/raw/stability_weak_n1024_p16_216370.csv,0.0029603776978417264,0.0024527877697841727,3.5240107913669064e-05
weak,1024,1048576,16,65536,AS2,2,4,1,551,9.87306e-09,1.67286,0.13636,0.00268206,1.36668,0.045185,0.0574826,216370,results/phase5/stability_rerun/raw/stability_weak_n1024_p16_216370.csv,0.003036043557168784,0.0024803629764065336,8.200544464609802e-05
weak,1024,1048576,16,65536,BJ,0,4,2,571,9.18973e-09,1.39569,0.0911389,0.00483614,1.15439,0.0239061,0.0577924,216370,results/phase5/stability_rerun/raw/stability_weak_n1024_p16_216370.csv,0.0024442907180385292,0.0020216987740805607,4.186707530647986e-05
weak,1024,1048576,16,65536,AS1,1,4,2,556,9.88594e-09,1.64287,0.14011,0.00654006,1.36109,0.0210811,0.0535423,216370,results/phase5/stability_rerun/raw/stability_weak_n1024_p16_216370.csv,0.0029548021582733812,0.002448003597122302,3.791564748201439e-05
weak,1024,1048576,16,65536,AS2,2,4,2,551,9.87306e-09,1.66897,0.134679,0.00483534,1.39178,0.0218869,0.0541657,216370,results/phase5/stability_rerun/raw/stability_weak_n1024_p16_216370.csv,0.003028983666061706,0.0025259165154264975,3.972214156079855e-05
weak,1024,1048576,16,65536,BJ,0,4,3,571,9.18973e-09,1.39096,0.0893952,0.00552993,1.15416,0.0198034,0.0588382,216370,results/phase5/stability_rerun/raw/stability_weak_n1024_p16_216370.csv,0.0024360070052539405,0.0020212959719789845,3.4681961471103324e-05
weak,1024,1048576,16,65536,AS1,1,4,3,556,9.88594e-09,1.64816,0.140181,0.00474407,1.36624,0.0157678,0.0573766,216370,results/phase5/stability_rerun/raw/stability_weak_n1024_p16_216370.csv,0.00296431654676259,0.0024572661870503596,2.8359352517985608e-05
weak,1024,1048576,16,65536,AS2,2,4,3,551,9.87306e-09,1.67321,0.134848,0.00260177,1.36424,0.0486579,0.058365,216370,results/phase5/stability_rerun/raw/stability_weak_n1024_p16_216370.csv,0.003036678765880218,0.0024759346642468237,8.830834845735026e-05
weak,1024,1048576,16,65536,BJ,0,4,4,571,9.18973e-09,1.40028,0.0893092,0.00561236,1.15369,0.0331615,0.0553872,216370,results/phase5/stability_rerun/raw/stability_weak_n1024_p16_216370.csv,0.0024523292469352015,0.002020472854640981,5.807618213660245e-05
weak,1024,1048576,16,65536,AS1,1,4,4,556,9.88594e-09,1.64199,0.135404,0.0027496,1.35463,0.0271466,0.0569478,216370,results/phase5/stability_rerun/raw/stability_weak_n1024_p16_216370.csv,0.0029532194244604316,0.002436384892086331,4.882482014388489e-05
weak,1024,1048576,16,65536,AS2,2,4,4,551,9.87306e-09,1.67174,0.139155,0.00497342,1.39306,0.0154613,0.0564891,216370,results/phase5/stability_rerun/raw/stability_weak_n1024_p16_216370.csv,0.003034010889292196,0.002528239564428312,2.806043557168784e-05
weak,1024,1048576,16,65536,BJ,0,4,5,571,9.18973e-09,1.39711,0.0935576,0.00590084,1.1541,0.0217514,0.0589239,216370,results/phase5/stability_rerun/raw/stability_weak_n1024_p16_216370.csv,0.0024467775831873905,0.0020211908931698774,3.809352014010508e-05
weak,1024,1048576,16,65536,AS1,1,4,5,556,9.88594e-09,1.64602,0.139513,0.00823564,1.35601,0.0299975,0.0536406,216370,results/phase5/stability_rerun/raw/stability_weak_n1024_p16_216370.csv,0.002960467625899281,0.00243886690647482,5.39523381294964e-05
weak,1024,1048576,16,65536,AS2,2,4,5,551,9.87306e-09,1.66844,0.137041,0.00537028,1.3921,0.0147169,0.056849,216370,results/phase5/stability_rerun/raw/stability_weak_n1024_p16_216370.csv,0.003028021778584392,0.002526497277676951,2.6709437386569872e-05
weak,512,262144,4,65536,BJ,0,4,1,299,9.16747e-09,0.715288,0.0470178,0.00209786,0.59642,0.00528392,0.0301632,216368,results/phase5/stability_rerun/raw/stability_weak_n512_p4_216368.csv,0.0023922675585284284,0.001994715719063545,1.7671973244147156e-05
weak,512,262144,4,65536,AS1,1,4,1,288,8.47553e-09,0.806138,0.070805,0.00114143,0.666593,0.00302186,0.0295966,216368,results/phase5/stability_rerun/raw/stability_weak_n512_p4_216368.csv,0.002799090277777778,0.002314559027777778,1.0492569444444444e-05
weak,512,262144,4,65536,AS2,2,4,1,292,8.75927e-09,0.828273,0.0735795,0.00444462,0.687435,0.0034047,0.0283048,216368,results/phase5/stability_rerun/raw/stability_weak_n512_p4_216368.csv,0.002836551369863014,0.0023542294520547944,1.1659931506849315e-05
weak,512,262144,4,65536,BJ,0,4,2,299,9.16747e-09,0.7151,0.0474049,0.00343019,0.596663,0.00460988,0.0300958,216368,results/phase5/stability_rerun/raw/stability_weak_n512_p4_216368.csv,0.002391638795986622,0.0019955284280936455,1.5417658862876256e-05
weak,512,262144,4,65536,AS1,1,4,2,288,8.47553e-09,0.814923,0.0711509,0.00109722,0.675202,0.0032914,0.0296332,216368,results/phase5/stability_rerun/raw/stability_weak_n512_p4_216368.csv,0.0028295937499999996,0.002344451388888889,1.1428472222222222e-05
weak,512,262144,4,65536,AS2,2,4,2,292,8.75927e-09,0.827433,0.070426,0.00116972,0.684566,0.00557588,0.0305744,216368,results/phase5/stability_rerun/raw/stability_weak_n512_p4_216368.csv,0.0028336746575342467,0.002344404109589041,1.9095479452054795e-05
weak,512,262144,4,65536,BJ,0,4,3,299,9.16747e-09,0.714205,0.0460302,0.000979771,0.597208,0.00321126,0.0315243,216368,results/phase5/stability_rerun/raw/stability_weak_n512_p4_216368.csv,0.002388645484949833,0.001997351170568562,1.074e-05
weak,512,262144,4,65536,AS1,1,4,3,288,8.47553e-09,0.80588,0.0707039,0.00114838,0.665658,0.00424609,0.0296345,216368,results/phase5/stability_rerun/raw/stability_weak_n512_p4_216368.csv,0.0027981944444444447,0.0023113125,1.4743368055555555e-05
weak,512,262144,4,65536,AS2,2,4,3,292,8.75927e-09,0.828955,0.0713206,0.00105416,0.686186,0.00557618,0.0298187,216368,results/phase5/stability_rerun/raw/stability_weak_n512_p4_216368.csv,0.0028388869863013697,0.0023499520547945203,1.909650684931507e-05
weak,512,262144,4,65536,BJ,0,4,4,299,9.16747e-09,0.714696,0.0482178,0.00276922,0.59628,0.00435689,0.0294616,216368,results/phase5/stability_rerun/raw/stability_weak_n512_p4_216368.csv,0.0023902876254180603,0.0019942474916387963,1.4571538461538463e-05
weak,512,262144,4,65536,AS1,1,4,4,288,8.47553e-09,0.806735,0.0712393,0.0011749,0.664816,0.00522389,0.02983,216368,results/phase5/stability_rerun/raw/stability_weak_n512_p4_216368.csv,0.0028011631944444442,0.002308388888888889,1.8138506944444446e-05
weak,512,262144,4,65536,AS2,2,4,4,292,8.75927e-09,0.829463,0.0737003,0.00509635,0.686678,0.00560345,0.0278666,216368,results/phase5/stability_rerun/raw/stability_weak_n512_p4_216368.csv,0.002840626712328767,0.00235163698630137,1.9189897260273972e-05
weak,512,262144,4,65536,BJ,0,4,5,299,9.16747e-09,0.714994,0.0468957,0.00230177,0.595775,0.00681507,0.0291249,216368,results/phase5/stability_rerun/raw/stability_weak_n512_p4_216368.csv,0.002391284280936455,0.001992558528428094,2.2792876254180602e-05
weak,512,262144,4,65536,AS1,1,4,5,288,8.47553e-09,0.80553,0.0711683,0.00114423,0.665229,0.00370803,0.0295851,216368,results/phase5/stability_rerun/raw/stability_weak_n512_p4_216368.csv,0.0027969791666666664,0.0023098229166666666,1.2875104166666667e-05
weak,512,262144,4,65536,AS2,2,4,5,292,8.75927e-09,0.82869,0.0741452,0.00550019,0.685607,0.00507102,0.0282505,216368,results/phase5/stability_rerun/raw/stability_weak_n512_p4_216368.csv,0.0028379794520547947,0.0023479691780821915,1.7366506849315068e-05
weak,724,524176,8,65884,BJ,0,4,1,462,7.77661e-09,1.1137,0.0727205,0.00442236,0.931643,0.00969587,0.0433444,216369,results/phase5/stability_rerun/raw/stability_weak_n724_p8_216369.csv,0.0024106060606060606,0.00201654329004329,2.0986731601731604e-05
weak,724,524176,8,65884,AS1,1,4,1,454,9.39962e-09,1.29947,0.109968,0.0021849,1.07861,0.00977233,0.0452912,216369,results/phase5/stability_rerun/raw/stability_weak_n724_p8_216369.csv,0.0028622687224669602,0.0023757929515418504,2.1524955947136563e-05
weak,724,524176,8,65884,AS2,2,4,1,449,8.97536e-09,1.30575,0.108887,0.00445339,1.08102,0.016823,0.0440606,216369,results/phase5/stability_rerun/raw/stability_weak_n724_p8_216369.csv,0.002908129175946548,0.002407616926503341,3.746770601336303e-05
weak,724,524176,8,65884,BJ,0,4,2,462,7.77661e-09,1.11578,0.0728036,0.00448799,0.931954,0.0112733,0.0433938,216369,results/phase5/stability_rerun/raw/stability_weak_n724_p8_216369.csv,0.002415108225108225,0.00201721645021645,2.440108225108225e-05
weak,724,524176,8,65884,AS1,1,4,2,454,9.39962e-09,1.29593,0.106203,0.00271425,1.05771,0.0358678,0.0419357,216369,results/phase5/stability_rerun/raw/stability_weak_n724_p8_216369.csv,0.0028544713656387666,0.002329757709251101,7.900396475770924e-05
weak,724,524176,8,65884,AS2,2,4,2,449,8.97536e-09,1.30782,0.107271,0.00435442,1.07831,0.0272354,0.041352,216369,results/phase5/stability_rerun/raw/stability_weak_n724_p8_216369.csv,0.002912739420935412,0.002401581291759466,6.0657906458797324e-05
weak,724,524176,8,65884,BJ,0,4,3,462,7.77661e-09,1.11597,0.0724626,0.00429794,0.933067,0.0106635,0.0435345,216369,results/phase5/stability_rerun/raw/stability_weak_n724_p8_216369.csv,0.00241551948051948,0.0020196255411255412,2.308116883116883e-05
weak,724,524176,8,65884,AS1,1,4,3,454,9.39962e-09,1.30097,0.112774,0.00732594,1.08309,0.00798297,0.042169,216369,results/phase5/stability_rerun/raw/stability_weak_n724_p8_216369.csv,0.0028655726872246694,0.002385660792951542,1.7583634361233482e-05
weak,724,524176,8,65884,AS2,2,4,3,449,8.97536e-09,1.30508,0.108445,0.0053002,1.07688,0.0243471,0.0415181,216369,results/phase5/stability_rerun/raw/stability_weak_n724_p8_216369.csv,0.0029066369710467705,0.0023983964365256127,5.422516703786191e-05
weak,724,524176,8,65884,BJ,0,4,4,462,7.77661e-09,1.11382,0.0721612,0.004356,0.933124,0.0087762,0.0435708,216369,results/phase5/stability_rerun/raw/stability_weak_n724_p8_216369.csv,0.002410865800865801,0.0020197489177489177,1.8996103896103894e-05
weak,724,524176,8,65884,AS1,1,4,4,454,9.39962e-09,1.29383,0.109377,0.00195388,1.07539,0.00773509,0.045457,216369,results/phase5/stability_rerun/raw/stability_weak_n724_p8_216369.csv,0.0028498458149779737,0.0023687004405286345,1.7037643171806168e-05
weak,724,524176,8,65884,AS2,2,4,4,449,8.97536e-09,1.30817,0.108611,0.00178293,1.08873,0.0112002,0.0445318,216369,results/phase5/stability_rerun/raw/stability_weak_n724_p8_216369.csv,0.0029135189309576837,0.0024247884187082406,2.494476614699332e-05
weak,724,524176,8,65884,BJ,0,4,5,462,7.77661e-09,1.11229,0.0691371,0.0017936,0.934607,0.0064802,0.0460519,216369,results/phase5/stability_rerun/raw/stability_weak_n724_p8_216369.csv,0.0024075541125541124,0.0020229588744588743,1.4026406926406927e-05
weak,724,524176,8,65884,AS1,1,4,5,454,9.39962e-09,1.29761,0.109775,0.00187353,1.07511,0.0114541,0.0453875,216369,results/phase5/stability_rerun/raw/stability_weak_n724_p8_216369.csv,0.0028581718061674007,0.0023680837004405285,2.5229295154185023e-05
weak,724,524176,8,65884,AS2,2,4,5,449,8.97536e-09,1.30338,0.106701,0.00345303,1.092,0.00854705,0.041752,216369,results/phase5/stability_rerun/raw/stability_weak_n724_p8_216369.csv,0.0029028507795100223,0.0024320712694877508,1.903574610244989e-05
